-- brew of the month vendors
DELETE FROM `creature` WHERE `id` IN (27806, 27810, 27811, 27812, 27813, 27814, 27815, 27816, 27817, 27818, 27819, 27820);
DELETE FROM `creature` WHERE `guid` IN (896964, 896965, 896966, 896967, 896968, 896969, 896970, 896971, 896972, 896973, 896974, 896975, 896976, 896977, 896978, 896979, 896980, 896981, 896982, 896983, 896984, 896985, 896986, 896987);
INSERT INTO `creature` (`guid`, `id`, `map`, `zone`, `area`, `spawnMask`, `phaseMask`, `modelid`, `equipment_id`, `position_x`, `position_y`, `position_z`, `orientation`, `spawntimesecs`, `spawndist`, `currentwaypoint`, `curhealth`, `curmana`, `MovementType` , `npcflag`, `unit_flags`, `dynamicflags`) VALUES
-- horde
(896964, 27806, 1, 1637, 5170, 1, 1, 0, 0, 1636.749390, -4381.406738 , 21.112276, 4.786587, 600, 0, 0, 0, 0, 0, 0, 0, 0),
(896965, 27810, 1, 1637, 5170, 1, 1, 0, 0, 1636.749390, -4381.406738 , 21.112276, 4.786587, 600, 0, 0, 0, 0, 0, 0, 0, 0),
(896966, 27811, 1, 1637, 5170, 1, 1, 0, 0, 1636.749390, -4381.406738 , 21.112276, 4.786587, 600, 0, 0, 0, 0, 0, 0, 0, 0),
(896967, 27812, 1, 1637, 5170, 1, 1, 0, 0, 1636.749390, -4381.406738 , 21.112276, 4.786587, 600, 0, 0, 0, 0, 0, 0, 0, 0),
(896968, 27813, 1, 1637, 5170, 1, 1, 0, 0, 1636.749390, -4381.406738 , 21.112276, 4.786587, 600, 0, 0, 0, 0, 0, 0, 0, 0),
(896969, 27814, 1, 1637, 5170, 1, 1, 0, 0, 1636.749390, -4381.406738 , 21.112276, 4.786587, 600, 0, 0, 0, 0, 0, 0, 0, 0),
(896970, 27815, 1, 1637, 5170, 1, 1, 0, 0, 1636.749390, -4381.406738 , 21.112276, 4.786587, 600, 0, 0, 0, 0, 0, 0, 0, 0),
(896971, 27816, 1, 1637, 5170, 1, 1, 0, 0, 1636.749390, -4381.406738 , 21.112276, 4.786587, 600, 0, 0, 0, 0, 0, 0, 0, 0),
(896972, 27817, 1, 1637, 5170, 1, 1, 0, 0, 1636.749390, -4381.406738 , 21.112276, 4.786587, 600, 0, 0, 0, 0, 0, 0, 0, 0),
(896973, 27818, 1, 1637, 5170, 1, 1, 0, 0, 1636.749390, -4381.406738 , 21.112276, 4.786587, 600, 0, 0, 0, 0, 0, 0, 0, 0),
(896974, 27819, 1, 1637, 5170, 1, 1, 0, 0, 1636.749390, -4381.406738 , 21.112276, 4.786587, 600, 0, 0, 0, 0, 0, 0, 0, 0),
(896975, 27820, 1, 1637, 5170, 1, 1, 0, 0, 1636.749390, -4381.406738 , 21.112276, 4.786587, 600, 0, 0, 0, 0, 0, 0, 0, 0),
-- alliance
(896976, 27806, 0, 1537, 5719, 1, 1, 0, 0, -4845.874023, -861.928772, 501.913940, 4.710989, 600, 0, 0, 0, 0, 0, 0, 0, 0),
(896977, 27810, 0, 1537, 5719, 1, 1, 0, 0, -4845.874023, -861.928772, 501.913940, 4.710989, 600, 0, 0, 0, 0, 0, 0, 0, 0),
(896978, 27811, 0, 1537, 5719, 1, 1, 0, 0, -4845.874023, -861.928772, 501.913940, 4.710989, 600, 0, 0, 0, 0, 0, 0, 0, 0),
(896979, 27812, 0, 1537, 5719, 1, 1, 0, 0, -4845.874023, -861.928772, 501.913940, 4.710989, 600, 0, 0, 0, 0, 0, 0, 0, 0),
(896980, 27813, 0, 1537, 5719, 1, 1, 0, 0, -4845.874023, -861.928772, 501.913940, 4.710989, 600, 0, 0, 0, 0, 0, 0, 0, 0),
(896981, 27814, 0, 1537, 5719, 1, 1, 0, 0, -4845.874023, -861.928772, 501.913940, 4.710989, 600, 0, 0, 0, 0, 0, 0, 0, 0),
(896982, 27815, 0, 1537, 5719, 1, 1, 0, 0, -4845.874023, -861.928772, 501.913940, 4.710989, 600, 0, 0, 0, 0, 0, 0, 0, 0),
(896983, 27816, 0, 1537, 5719, 1, 1, 0, 0, -4845.874023, -861.928772, 501.913940, 4.710989, 600, 0, 0, 0, 0, 0, 0, 0, 0),
(896984, 27817, 0, 1537, 5719, 1, 1, 0, 0, -4845.874023, -861.928772, 501.913940, 4.710989, 600, 0, 0, 0, 0, 0, 0, 0, 0),
(896985, 27818, 0, 1537, 5719, 1, 1, 0, 0, -4845.874023, -861.928772, 501.913940, 4.710989, 600, 0, 0, 0, 0, 0, 0, 0, 0),
(896986, 27819, 0, 1537, 5719, 1, 1, 0, 0, -4845.874023, -861.928772, 501.913940, 4.710989, 600, 0, 0, 0, 0, 0, 0, 0, 0),
(896987, 27820, 0, 1537, 5719, 1, 1, 0, 0, -4845.874023, -861.928772, 501.913940, 4.710989, 600, 0, 0, 0, 0, 0, 0, 0, 0);

UPDATE `creature_template` SET `faction_A` = 35, `faction_H` = 35 WHERE `entry` IN (27806, 27810, 27811, 27812, 27813, 27814, 27815, 27816, 27817, 27818, 27819, 27820);

DELETE FROM `game_event_creature` WHERE `eventEntry` IN (65, 66, 67, 68, 69, 70, 71, 72, 73, 74, 80, 81);
INSERT INTO `game_event_creature` (`eventEntry`, `guid`) VALUES
(65, 896964), -- january
(65, 896976),
(66, 896965), -- february
(66, 896977),
(67, 896966), -- march
(67, 896978),
(68, 896967), -- april
(68, 896979),
(69, 896968), -- may
(69, 896980),
(70, 896969), -- june
(70, 896981),
(71, 896970), -- july
(71, 896982),
(72, 896971), -- august
(72, 896983),
(73, 896972), -- september
(73, 896984),
(74, 896973), -- october
(74, 896985),
(80, 896974), -- november
(80, 896986),
(81, 896975), -- december
(81, 896987);

DELETE FROM `game_event` WHERE eventEntry IN (65, 66, 67, 68, 69, 70, 71, 72, 73, 74, 80, 81);
INSERT INTO `game_event` (`eventEntry`, `start_time`, `end_time`, `occurence`, `length`, `holiday`, `description`, `world_event`) VALUES
(65, "2013-01-01 01:00:00", "2020-12-31 18:00:00", 525600, 44640, 0, "Brew of the Month January", 0),
(66, "2013-02-01 01:00:00", "2020-12-31 18:00:00", 525600, 40320, 0, "Brew of the Month February", 0),
(67, "2013-03-01 01:00:00", "2020-12-31 18:00:00", 525600, 44640, 0, "Brew of the Month March", 0),
(68, "2013-04-01 01:00:00", "2020-12-31 18:00:00", 525600, 43200, 0, "Brew of the Month April", 0),
(69, "2013-05-01 01:00:00", "2020-12-31 18:00:00", 525600, 44640, 0, "Brew of the Month May", 0),
(70, "2013-06-01 01:00:00", "2020-12-31 18:00:00", 525600, 43200, 0, "Brew of the Month June", 0),
(71, "2013-07-01 01:00:00", "2020-12-31 18:00:00", 525600, 44640, 0, "Brew of the Month July", 0),
(72, "2013-08-01 01:00:00", "2020-12-31 18:00:00", 525600, 44640, 0, "Brew of the Month August", 0),
(73, "2013-09-01 01:00:00", "2020-12-31 18:00:00", 525600, 43200, 0, "Brew of the Month September", 0),
(74, "2013-10-01 01:00:00", "2020-12-31 18:00:00", 525600, 44640, 0, "Brew of the Month October", 0),
(80, "2013-11-01 01:00:00", "2020-12-31 18:00:00", 525600, 43200, 0, "Brew of the Month November", 0),
(81, "2013-12-01 01:00:00", "2020-12-31 18:00:00", 525600, 44640, 0, "Brew of the Month December", 0);

DELETE FROM `conditions` WHERE `SourceTypeOrReferenceId` = 23 AND `SourceGroup` IN (27806, 27810, 27811, 27812, 27813, 27814, 27815, 27816, 27817, 27818, 27819, 27820);
INSERT INTO `conditions` (`SourceTypeOrReferenceId`, `SourceGroup`, `SourceEntry`, `SourceId`, `ElseGroup`, `ConditionTypeOrReference`, `ConditionTarget`, `ConditionValue1`, `ConditionValue2`, `ConditionValue3`, `NegativeCondition`, `ErrorType`, `ErrorTextId`, `ScriptName`, `Comment`) VALUES
(23, 27806, 37488, 0, 0, 17, 0, 2796, 0, 0, 0, 0, 0, '', 'beer only for club members'),
(23, 27810, 37489, 0, 0, 17, 0, 2796, 0, 0, 0, 0, 0, '', 'beer only for club members'),
(23, 27811, 37490, 0, 0, 17, 0, 2796, 0, 0, 0, 0, 0, '', 'beer only for club members'),
(23, 27812, 37491, 0, 0, 17, 0, 2796, 0, 0, 0, 0, 0, '', 'beer only for club members'),
(23, 27813, 37492, 0, 0, 17, 0, 2796, 0, 0, 0, 0, 0, '', 'beer only for club members'),
(23, 27814, 37493, 0, 0, 17, 0, 2796, 0, 0, 0, 0, 0, '', 'beer only for club members'),
(23, 27815, 37494, 0, 0, 17, 0, 2796, 0, 0, 0, 0, 0, '', 'beer only for club members'),
(23, 27816, 37495, 0, 0, 17, 0, 2796, 0, 0, 0, 0, 0, '', 'beer only for club members'),
(23, 27817, 37496, 0, 0, 17, 0, 2796, 0, 0, 0, 0, 0, '', 'beer only for club members'),
(23, 27818, 37497, 0, 0, 17, 0, 2796, 0, 0, 0, 0, 0, '', 'beer only for club members'),
(23, 27819, 37498, 0, 0, 17, 0, 2796, 0, 0, 0, 0, 0, '', 'beer only for club members'),
(23, 27820, 37499, 0, 0, 17, 0, 2796, 0, 0, 0, 0, 0, '', 'beer only for club members');

DELETE FROM `npc_vendor` WHERE `entry` IN (27806, 27810, 27811, 27812, 27813, 27814, 27815, 27816, 27817, 27818, 27819, 27820);
INSERT INTO `npc_vendor` (`entry`, `slot`, `item`, `maxcount`, `incrtime`, `ExtendedCost`) VALUES
(27806, 0, 37488, 0, 0, 0),
(27810, 0, 37489, 0, 0, 0),
(27811, 0, 37490, 0, 0, 0),
(27812, 0, 37491, 0, 0, 0),
(27813, 0, 37492, 0, 0, 0),
(27814, 0, 37493, 0, 0, 0),
(27815, 0, 37494, 0, 0, 0),
(27816, 0, 37495, 0, 0, 0),
(27817, 0, 37496, 0, 0, 0),
(27818, 0, 37497, 0, 0, 0),
(27819, 0, 37498, 0, 0, 0),
(27820, 0, 37499, 0, 0, 0);