-- Achievement - Joy Ride (ID: 5454) // Children's Week: Quest - Riding the Rocketway (ID: 29146)
-- waypoints
DELETE FROM `waypoints` WHERE `entry` IN (52585, 7644, 7645, 7646, 7647, 7648, 7649, 7650, 7651, 7652, 7653, 7654, 7654, 7655, 7656, 7657, 7658, 7659, 7660, 7661, 7662);
INSERT INTO `waypoints` (`entry`, `pointid`, `position_x`, `position_y`, `position_z`) VALUES
('52585','1','4621.93','-7023.71','154.016'),
('52585','2','4638.91','-6987.23','150.792'),
('52585','3','4664.05','-6948.54','145.692'),
('52585','4','4691.51','-6911.84','140.197'),
('52585','5','4726.64','-6865.15','128.208'),
('52585','6','4748.43','-6822.26','115.452'),
('52585','7','4756.4','-6775.65','100.46'),
('52585','8','4756.53','-6724.4','86.9903'),
('52585','9','4748.84','-6658.74','72.4231'),
('52585','10','4739.05','-6579.91','61.2938'),
('52585','11','4716.38','-6490.38','51.376'),
('52585','12','4701','-6439.47','55.2376'),
('52585','13','4695.71','-6418.77','62.6474'),
('52585','14','4693.05','-6401.16','73.2339'),
('52585','15','4691.49','-6383.34','86.8886'),
('52585','16','4690.57','-6366.24','101.52'),
('52585','17','4688.33','-6347.73','117.283'),
('52585','18','4684.46','-6330.35','130.339'),
('52585','19','4679.48','-6313.96','140.597'),
('52585','20','4663.27','-6283.4','148.328'),
('52585','21','4638.31','-6259.58','143.758'),
('52585','22','4602.09','-6238.31','129.148'),
('52585','23','4568.85','-6209.47','119.179'),
('52585','24','4541.93','-6180.48','108.2'),
('52585','25','4524.93','-6165.89','98.9863'),
('52585','26','4509.13','-6143.83','98.6218'),
('52585','27','4497.01','-6076.74','98.4611'),
('52585','28','4491.6','-6018.23','99.5473'),
('52585','29','4488.55','-5988.65','104.007'),
('52585','30','4485.53','-5961.18','113.977'),
('52585','31','4482.52','-5930.19','125.041'),
('52585','32','4483.39','-5897.7','130.143'),
('52585','33','4485.9','-5870.16','125.141'),
('52585','34','4488.57','-5840.9','120.064'),
('52585','35','4487.64','-5817.16','122.988'),
('52585','36','4484.12','-5785.91','130.932'),
('52585','37','4477.72','-5752.57','140.595'),
('52585','38','4472.56','-5730.06','145.593'),
('52585','39','4469.29','-5715.02','145.5'),
('7644','1','4621.93','-7023.71','154.016'),
('7644','2','4638.91','-6987.23','150.792'),
('7644','3','4664.05','-6948.54','145.692'),
('7644','4','4691.51','-6911.84','140.197'),
('7644','5','4726.64','-6865.15','128.208'),
('7644','6','4748.43','-6822.26','115.452'),
('7644','7','4756.4','-6775.65','100.46'),
('7644','8','4756.53','-6724.4','86.9903'),
('7644','9','4748.84','-6658.74','72.4231'),
('7644','10','4739.05','-6579.91','61.2938'),
('7644','11','4716.38','-6490.38','51.376'),
('7644','12','4701','-6439.47','55.2376'),
('7644','13','4695.71','-6418.77','62.6474'),
('7644','14','4693.05','-6401.16','73.2339'),
('7644','15','4691.49','-6383.34','86.8886'),
('7644','16','4690.57','-6366.24','101.52'),
('7644','17','4688.33','-6347.73','117.283'),
('7644','18','4684.46','-6330.35','130.339'),
('7644','19','4679.48','-6313.96','140.597'),
('7644','20','4663.27','-6283.4','148.328'),
('7644','21','4638.31','-6259.58','143.758'),
('7644','22','4602.09','-6238.31','129.148'),
('7644','23','4568.85','-6209.47','119.179'),
('7644','24','4541.93','-6180.48','108.2'),
('7644','25','4524.93','-6165.89','98.9863'),
('7644','26','4509.13','-6143.83','98.6218'),
('7644','27','4497.01','-6076.74','98.4611'),
('7644','28','4491.6','-6018.23','99.5473'),
('7644','29','4488.55','-5988.65','104.007'),
('7644','30','4485.53','-5961.18','113.977'),
('7644','31','4482.52','-5930.19','125.041'),
('7644','32','4483.39','-5897.7','130.143'),
('7644','33','4485.9','-5870.16','125.141'),
('7644','34','4488.57','-5840.9','120.064'),
('7644','35','4487.64','-5817.16','122.988'),
('7644','36','4484.12','-5785.91','130.932'),
('7644','37','4477.72','-5752.57','140.595'),
('7644','38','4472.56','-5730.06','145.593'),
('7644','39','4469.29','-5715.02','145.5'),
('7644','40','4466.63','-5703.06','145.477'),
('7644','41','4455.25','-5670.05','143.905'),
('7644','42','4443.87','-5652.89','149.069'),
('7644','43','4425.16','-5634.62','160.017'),
('7644','44','4408.88','-5625.19','170.853'),
('7644','45','4393.3','-5619.89','175.039'),
('7644','46','4377.37','-5614.63','168.163'),
('7644','47','4353.16','-5607.63','147.092'),
('7644','48','4323.03','-5598.49','123.044'),
('7644','49','4296.5','-5590.7','120.699'),
('7644','50','4271.04','-5586.04','120.448'),
('7644','51','4221.59','-5577.19','118.307'),
('7644','52','4191.21','-5560.58','115.964'),
('7644','53','4157.85','-5544.3','118.885'),
('7644','54','4103.74','-5514.98','130.995'),
('7644','55','4060.13','-5496.94','142.183'),
('7644','56','4021.59','-5486.59','150.145'),
('7644','57','3973.01','-5486.02','158.062'),
('7644','58','3925.4','-5465.52','167.867'),
('7644','59','3898.22','-5444.8','172.914'),
('7644','60','3867.26','-5404.72','173.049'),
('7644','61','3855.48','-5365.34','167.889'),
('7644','62','3849.18','-5302.04','158.193'),
('7644','63','3842.38','-5261.78','156.296'),
('7644','64','3826','-5212.73','156.535'),
('7644','65','3805.63','-5172.56','158.231'),
('7644','66','3784.13','-5144.64','164.459'),
('7644','67','3764.35','-5105.63','172.309'),
('7644','68','3768.18','-5059.8','170.459'),
('7644','69','3787.01','-5013.37','162.566'),
('7644','70','3799.65','-4981.46','158.474'),
('7644','71','3796.06','-4947.53','146.481'),
('7644','72','3771.59','-4911.8','145.505'),
('7644','73','3717.92','-4855.79','143.947'),
('7644','74','3677.51','-4820.71','146.683'),
('7644','75','3636.47','-4798.42','154.517'),
('7644','76','3598.32','-4792.81','159.599'),
('7644','77','3564.12','-4794.52','160.782'),
('7645','1','4621.93','-7023.71','154.016'),
('7645','2','4638.91','-6987.23','150.792'),
('7645','3','4664.05','-6948.54','145.692'),
('7645','4','4691.51','-6911.84','140.197'),
('7645','5','4726.64','-6865.15','128.208'),
('7645','6','4748.43','-6822.26','115.452'),
('7645','7','4756.4','-6775.65','100.46'),
('7645','8','4756.53','-6724.4','86.9903'),
('7645','9','4748.84','-6658.74','72.4231'),
('7645','10','4739.05','-6579.91','61.2938'),
('7645','11','4716.38','-6490.38','51.376'),
('7645','12','4701','-6439.47','55.2376'),
('7645','13','4695.71','-6418.77','62.6474'),
('7645','14','4693.05','-6401.16','73.2339'),
('7645','15','4691.49','-6383.34','86.8886'),
('7645','16','4690.57','-6366.24','101.52'),
('7645','17','4688.33','-6347.73','117.283'),
('7645','18','4684.46','-6330.35','130.339'),
('7645','19','4679.48','-6313.96','140.597'),
('7645','20','4663.27','-6283.4','148.328'),
('7645','21','4638.31','-6259.58','143.758'),
('7645','22','4602.09','-6238.31','129.148'),
('7645','23','4568.85','-6209.47','119.179'),
('7645','24','4541.93','-6180.48','108.2'),
('7645','25','4524.93','-6165.89','98.9863'),
('7645','26','4509.13','-6143.83','98.6218'),
('7645','27','4497.01','-6076.74','98.4611'),
('7645','28','4491.6','-6018.23','99.5473'),
('7645','29','4488.55','-5988.65','104.007'),
('7645','30','4485.53','-5961.18','113.977'),
('7645','31','4482.52','-5930.19','125.041'),
('7645','32','4483.39','-5897.7','130.143'),
('7645','33','4485.9','-5870.16','125.141'),
('7645','34','4488.57','-5840.9','120.064'),
('7645','35','4487.64','-5817.16','122.988'),
('7645','36','4484.12','-5785.91','130.932'),
('7645','37','4477.72','-5752.57','140.595'),
('7645','38','4472.56','-5730.06','145.593'),
('7645','39','4469.29','-5715.02','145.5'),
('7645','40','4466.63','-5703.06','145.477'),
('7645','41','4455.25','-5670.05','143.905'),
('7645','42','4443.87','-5652.89','149.069'),
('7645','43','4425.16','-5634.62','160.017'),
('7645','44','4408.88','-5625.19','170.853'),
('7645','45','4393.3','-5619.89','175.039'),
('7645','46','4377.37','-5614.63','168.163'),
('7645','47','4353.16','-5607.63','147.092'),
('7645','48','4323.03','-5598.49','123.044'),
('7645','49','4296.5','-5590.7','120.699'),
('7645','50','4271.04','-5586.04','120.448'),
('7645','51','4221.59','-5577.19','118.307'),
('7645','52','4191.21','-5560.58','115.964'),
('7645','53','4157.85','-5544.3','118.885'),
('7645','54','4103.74','-5514.98','130.995'),
('7645','55','4060.13','-5496.94','142.183'),
('7645','56','4021.59','-5486.59','150.145'),
('7645','57','3973.01','-5486.02','158.062'),
('7645','58','3925.4','-5465.52','167.867'),
('7645','59','3898.22','-5444.8','172.914'),
('7645','60','3867.26','-5404.72','173.049'),
('7645','61','3855.48','-5365.34','167.889'),
('7645','62','3849.18','-5302.04','158.193'),
('7645','63','3842.38','-5261.78','156.296'),
('7645','64','3826','-5212.73','156.535'),
('7645','65','3805.63','-5172.56','158.231'),
('7645','66','3784.13','-5144.64','164.459'),
('7645','67','3764.35','-5105.63','172.309'),
('7645','68','3768.18','-5059.8','170.459'),
('7645','69','3787.01','-5013.37','162.566'),
('7645','70','3799.65','-4981.46','158.474'),
('7645','71','3796.06','-4947.53','146.481'),
('7645','72','3771.59','-4911.8','145.505'),
('7645','73','3717.92','-4855.79','143.947'),
('7645','74','3677.51','-4820.71','146.683'),
('7645','75','3636.47','-4798.42','154.517'),
('7645','76','3598.32','-4792.81','159.599'),
('7645','77','3564.12','-4794.52','160.782'),
('7645','78','3545.25','-4794.66','160.972'),
('7645','79','3486.87','-4792.09','158.218'),
('7645','80','3405.6','-4813.74','151.335'),
('7645','81','3360.5','-4821.29','149.878'),
('7645','82','3315.33','-4826.8','156.534'),
('7645','83','3284.07','-4830.66','162.324'),
('7645','84','3239.18','-4836.17','164.607'),
('7645','85','3203.62','-4839.08','155.325'),
('7645','86','3166.82','-4840.23','138.595'),
('7645','87','3138.08','-4843.31','137.117'),
('7645','88','3097.82','-4852.49','144.52'),
('7645','89','3058.14','-4876.63','152.634'),
('7645','90','3033.13','-4893.35','157.583'),
('7645','91','2993.46','-4920.25','163.303'),
('7645','92','2974.48','-4942.4','165.086'),
('7645','93','2961.05','-4981.52','166.059'),
('7645','94','2957.53','-4991.8','165.847'),
('7646','1','4621.93','-7023.71','154.016'),
('7646','2','4638.91','-6987.23','150.792'),
('7646','3','4664.05','-6948.54','145.692'),
('7646','4','4691.51','-6911.84','140.197'),
('7646','5','4726.64','-6865.15','128.208'),
('7646','6','4748.43','-6822.26','115.452'),
('7646','7','4756.4','-6775.65','100.46'),
('7646','8','4756.53','-6724.4','86.9903'),
('7646','9','4748.84','-6658.74','72.4231'),
('7646','10','4739.05','-6579.91','61.2938'),
('7646','11','4716.38','-6490.38','51.376'),
('7646','12','4701','-6439.47','55.2376'),
('7646','13','4695.71','-6418.77','62.6474'),
('7646','14','4693.05','-6401.16','73.2339'),
('7646','15','4691.49','-6383.34','86.8886'),
('7646','16','4690.57','-6366.24','101.52'),
('7646','17','4688.33','-6347.73','117.283'),
('7646','18','4684.46','-6330.35','130.339'),
('7646','19','4679.48','-6313.96','140.597'),
('7646','20','4663.27','-6283.4','148.328'),
('7646','21','4638.31','-6259.58','143.758'),
('7646','22','4602.09','-6238.31','129.148'),
('7646','23','4568.85','-6209.47','119.179'),
('7646','24','4541.93','-6180.48','108.2'),
('7646','25','4524.93','-6165.89','98.9863'),
('7646','26','4509.13','-6143.83','98.6218'),
('7646','27','4497.01','-6076.74','98.4611'),
('7646','28','4491.6','-6018.23','99.5473'),
('7646','29','4488.55','-5988.65','104.007'),
('7646','30','4485.53','-5961.18','113.977'),
('7646','31','4482.52','-5930.19','125.041'),
('7646','32','4483.39','-5897.7','130.143'),
('7646','33','4485.9','-5870.16','125.141'),
('7646','34','4488.57','-5840.9','120.064'),
('7646','35','4487.64','-5817.16','122.988'),
('7646','36','4484.12','-5785.91','130.932'),
('7646','37','4477.72','-5752.57','140.595'),
('7646','38','4472.56','-5730.06','145.593'),
('7646','39','4469.29','-5715.02','145.5'),
('7646','40','4466.63','-5703.06','145.477'),
('7646','41','4455.25','-5670.05','143.905'),
('7646','42','4443.87','-5652.89','149.069'),
('7646','43','4425.16','-5634.62','160.017'),
('7646','44','4408.88','-5625.19','170.853'),
('7646','45','4393.3','-5619.89','175.039'),
('7646','46','4377.37','-5614.63','168.163'),
('7646','47','4353.16','-5607.63','147.092'),
('7646','48','4323.03','-5598.49','123.044'),
('7646','49','4296.5','-5590.7','120.699'),
('7646','50','4271.04','-5586.04','120.448'),
('7646','51','4221.59','-5577.19','118.307'),
('7646','52','4191.21','-5560.58','115.964'),
('7646','53','4157.85','-5544.3','118.885'),
('7646','54','4103.74','-5514.98','130.995'),
('7646','55','4060.13','-5496.94','142.183'),
('7646','56','4021.59','-5486.59','150.145'),
('7646','57','3973.01','-5486.02','158.062'),
('7646','58','3925.4','-5465.52','167.867'),
('7646','59','3898.22','-5444.8','172.914'),
('7646','60','3867.26','-5404.72','173.049'),
('7646','61','3855.48','-5365.34','167.889'),
('7646','62','3849.18','-5302.04','158.193'),
('7646','63','3842.38','-5261.78','156.296'),
('7646','64','3826','-5212.73','156.535'),
('7646','65','3805.63','-5172.56','158.231'),
('7646','66','3784.13','-5144.64','164.459'),
('7646','67','3764.35','-5105.63','172.309'),
('7646','68','3768.18','-5059.8','170.459'),
('7646','69','3787.01','-5013.37','162.566'),
('7646','70','3799.65','-4981.46','158.474'),
('7646','71','3796.06','-4947.53','146.481'),
('7646','72','3771.59','-4911.8','145.505'),
('7646','73','3717.92','-4855.79','143.947'),
('7646','74','3677.51','-4820.71','146.683'),
('7646','75','3636.47','-4798.42','154.517'),
('7646','76','3598.32','-4792.81','159.599'),
('7646','77','3564.12','-4794.52','160.782'),
('7646','78','3545.25','-4794.66','160.972'),
('7646','79','3486.87','-4792.09','158.218'),
('7646','80','3405.6','-4813.74','151.335'),
('7646','81','3360.5','-4821.29','149.878'),
('7646','82','3315.33','-4826.8','156.534'),
('7646','83','3284.07','-4830.66','162.324'),
('7646','84','3239.18','-4836.17','164.607'),
('7646','85','3203.62','-4839.08','155.325'),
('7646','86','3166.82','-4840.23','138.595'),
('7646','87','3138.08','-4843.31','137.117'),
('7646','88','3097.82','-4852.49','144.52'),
('7646','89','3058.14','-4876.63','152.634'),
('7646','90','3033.13','-4893.35','157.583'),
('7646','91','2993.46','-4920.25','163.303'),
('7646','92','2974.48','-4942.4','165.086'),
('7646','93','2961.05','-4981.52','166.059'),
('7646','94','2957.53','-4991.8','165.847'),
('7646','95','2943.57','-5034.85','164.548'),
('7646','96','2931.7','-5061.71','160.492'),
('7646','97','2928.76','-5097.85','147.257'),
('7646','98','2922.9','-5147.89','125.331'),
('7646','99','2921.1','-5188.05','127.004'),
('7646','100','2912.69','-5219.32','129.543'),
('7646','101','2907.57','-5247.59','132.466'),
('7646','102','2909.64','-5265.98','134.863'),
('7646','103','2905.1','-5297.61','129.827'),
('7646','104','2887.75','-5341.38','125.231'),
('7646','105','2867.15','-5373','129.743'),
('7646','106','2848.77','-5403.13','137.885'),
('7646','107','2840','-5432.84','141.995'),
('7646','108','2838.8','-5457.27','142.494'),
('7646','109','2839.66','-5483.86','141.482'),
('7646','110','2840.54','-5525.27','134.888'),
('7646','111','2839.98','-5552.2','133.921'),
('7646','112','2836.82','-5584.91','131.315'),
('7646','113','2834.94','-5614.23','128.006'),
('7646','114','2829.71','-5654.69','127.849'),
('7646','115','2826.29','-5682.36','127.742'),
('7646','116','2815.67','-5713.39','127.864'),
('7646','117','2799.21','-5745.37','121.186'),
('7646','118','2772.86','-5780.31','107.955'),
('7646','119','2738.14','-5819.22','100.626'),
('7646','120','2694.89','-5864.29','97.8184'),
('7646','121','2671.2','-5915.75','96.1095'),
('7646','122','2656.88','-5947.64','98.1449'),
('7646','123','2642.3','-5977.22','100.495'),
('7646','124','2631.29','-6007.62','100.18'),
('7646','125','2630.89','-6039.37','101.628'),
('7646','126','2639.42','-6072.4','101.261'),
('7646','127','2640.03','-6090.55','111.878'),
('7646','128','2645.72','-6107.82','123.593'),
('7646','129','2654.58','-6134.74','130.663'),
('7646','130','2659.4','-6154.73','136.878'),
('7646','131','2659.21','-6176.07','138.026'),
('7647','1','2658.59','-6160.84','138.371'),
('7647','2','2654.25','-6133.64','130.182'),
('7647','3','2642.76','-6109.38','122.549'),
('7647','4','2637.94','-6074.76','101.451'),
('7647','5','2632.23','-6052.18','102.317'),
('7647','6','2631.6','-5998.6','100.821'),
('7647','7','2638.01','-5985.36','101.345'),
('7647','8','2663.88','-5932.19','96.2325'),
('7647','9','2678.5','-5888.69','96.7151'),
('7647','10','2718.78','-5838.51','98.6612'),
('7647','11','2735.88','-5817.86','100.583'),
('7647','12','2758.39','-5795.04','103.996'),
('7647','13','2779.13','-5772.42','111.201'),
('7647','14','2795.26','-5749.19','119.889'),
('7647','15','2808.76','-5725.1','125.916'),
('7647','16','2821.83','-5697.35','128.322'),
('7647','17','2829.39','-5659.26','127.961'),
('7647','18','2833.62','-5623.92','127.782'),
('7647','19','2837.59','-5580.16','132.141'),
('7647','20','2838.1','-5532.1','134.296'),
('7647','21','2838.93','-5500.62','140.17'),
('7647','22','2838.82','-5458.56','142.486'),
('7647','23','2840.38','-5426.15','141.691'),
('7647','24','2863.05','-5372.43','130.859'),
('7647','25','2903.3','-5316.15','128.364'),
('7647','26','2906.26','-5286.47','132.142'),
('7647','27','2905.21','-5263.06','134.893'),
('7647','28','2907.05','-5228.49','129.84'),
('7647','29','2924.19','-5162.9','124.284'),
('7647','30','2923.82','-5125.17','133.665'),
('7647','31','2924.14','-5101.72','145.07'),
('7647','32','2928.12','-5075.45','155.967'),
('7647','33','2933.85','-5049.49','163.299'),
('7647','34','2954.17','-4998.5','165.653'),
('7648','1','2658.59','-6160.84','138.371'),
('7648','2','2654.25','-6133.64','130.182'),
('7648','3','2642.76','-6109.38','122.549'),
('7648','4','2637.94','-6074.76','101.451'),
('7648','5','2632.23','-6052.18','102.317'),
('7648','6','2631.6','-5998.6','100.821'),
('7648','7','2638.01','-5985.36','101.345'),
('7648','8','2663.88','-5932.19','96.2325'),
('7648','9','2678.5','-5888.69','96.7151'),
('7648','10','2718.78','-5838.51','98.6612'),
('7648','11','2735.88','-5817.86','100.583'),
('7648','12','2758.39','-5795.04','103.996'),
('7648','13','2779.13','-5772.42','111.201'),
('7648','14','2795.26','-5749.19','119.889'),
('7648','15','2808.76','-5725.1','125.916'),
('7648','16','2821.83','-5697.35','128.322'),
('7648','17','2829.39','-5659.26','127.961'),
('7648','18','2833.62','-5623.92','127.782'),
('7648','19','2837.59','-5580.16','132.141'),
('7648','20','2838.1','-5532.1','134.296'),
('7648','21','2838.93','-5500.62','140.17'),
('7648','22','2838.82','-5458.56','142.486'),
('7648','23','2840.38','-5426.15','141.691'),
('7648','24','2863.05','-5372.43','130.859'),
('7648','25','2903.3','-5316.15','128.364'),
('7648','26','2906.26','-5286.47','132.142'),
('7648','27','2905.21','-5263.06','134.893'),
('7648','28','2907.05','-5228.49','129.84'),
('7648','29','2924.19','-5162.9','124.284'),
('7648','30','2923.82','-5125.17','133.665'),
('7648','31','2924.14','-5101.72','145.07'),
('7648','32','2928.12','-5075.45','155.967'),
('7648','33','2933.85','-5049.49','163.299'),
('7648','34','2954.17','-4998.5','165.653'),
('7648','35','2969.45','-4949.6','165.57'),
('7648','36','3001.85','-4912.67','162.318'),
('7648','37','3071.78','-4865.09','149.867'),
('7648','38','3132.57','-4841.27','137.516'),
('7648','39','3162.1','-4839.24','138.075'),
('7648','40','3191.46','-4839.18','149.392'),
('7648','41','3214.89','-4838.25','159.449'),
('7648','42','3240.21','-4835.11','164.486'),
('7648','43','3279.55','-4830.59','162.997'),
('7648','44','3355.18','-4820.78','150.246'),
('7648','45','3396.55','-4813.47','150.367'),
('7648','46','3435.91','-4803.61','154.069'),
('7648','47','3476.06','-4794.16','157.476'),
('7648','48','3513.61','-4793.71','160.019'),
('7648','49','3554.82','-4795.48','160.705'),
('7649','1','2658.59','-6160.84','138.371'),
('7649','2','2654.25','-6133.64','130.182'),
('7649','3','2642.76','-6109.38','122.549'),
('7649','4','2637.94','-6074.76','101.451'),
('7649','5','2632.23','-6052.18','102.317'),
('7649','6','2631.6','-5998.6','100.821'),
('7649','7','2638.01','-5985.36','101.345'),
('7649','8','2663.88','-5932.19','96.2325'),
('7649','9','2678.5','-5888.69','96.7151'),
('7649','10','2718.78','-5838.51','98.6612'),
('7649','11','2735.88','-5817.86','100.583'),
('7649','12','2758.39','-5795.04','103.996'),
('7649','13','2779.13','-5772.42','111.201'),
('7649','14','2795.26','-5749.19','119.889'),
('7649','15','2808.76','-5725.1','125.916'),
('7649','16','2821.83','-5697.35','128.322'),
('7649','17','2829.39','-5659.26','127.961'),
('7649','18','2833.62','-5623.92','127.782'),
('7649','19','2837.59','-5580.16','132.141'),
('7649','20','2838.1','-5532.1','134.296'),
('7649','21','2838.93','-5500.62','140.17'),
('7649','22','2838.82','-5458.56','142.486'),
('7649','23','2840.38','-5426.15','141.691'),
('7649','24','2863.05','-5372.43','130.859'),
('7649','25','2903.3','-5316.15','128.364'),
('7649','26','2906.26','-5286.47','132.142'),
('7649','27','2905.21','-5263.06','134.893'),
('7649','28','2907.05','-5228.49','129.84'),
('7649','29','2924.19','-5162.9','124.284'),
('7649','30','2923.82','-5125.17','133.665'),
('7649','31','2924.14','-5101.72','145.07'),
('7649','32','2928.12','-5075.45','155.967'),
('7649','33','2933.85','-5049.49','163.299'),
('7649','34','2954.17','-4998.5','165.653'),
('7649','35','2969.45','-4949.6','165.57'),
('7649','36','3001.85','-4912.67','162.318'),
('7649','37','3071.78','-4865.09','149.867'),
('7649','38','3132.57','-4841.27','137.516'),
('7649','39','3162.1','-4839.24','138.075'),
('7649','40','3191.46','-4839.18','149.392'),
('7649','41','3214.89','-4838.25','159.449'),
('7649','42','3240.21','-4835.11','164.486'),
('7649','43','3279.55','-4830.59','162.997'),
('7649','44','3355.18','-4820.78','150.246'),
('7649','45','3396.55','-4813.47','150.367'),
('7649','46','3435.91','-4803.61','154.069'),
('7649','47','3476.06','-4794.16','157.476'),
('7649','48','3513.61','-4793.71','160.019'),
('7649','49','3554.82','-4795.48','160.705'),
('7649','50','3604.06','-4793.11','159.05'),
('7649','51','3656.19','-4808.75','149.557'),
('7649','52','3695.47','-4832.12','145.611'),
('7649','53','3759.8','-4893.81','145.5'),
('7649','54','3786.18','-4933.31','146.081'),
('7649','55','3804.54','-4964.64','155.012'),
('7649','56','3799.97','-4994.32','161.885'),
('7649','57','3785.05','-5017.57','162.672'),
('7649','58','3769.18','-5052.58','169.895'),
('7649','59','3763.75','-5102.76','172.578'),
('7649','60','3782.88','-5143.55','164.94'),
('7649','61','3816.8','-5184.9','156.761'),
('7649','62','3841.59','-5246.39','155.42'),
('7649','63','3852.98','-5303.25','158.196'),
('7649','64','3854.82','-5364.73','167.983'),
('7649','65','3868.13','-5406.85','173.277'),
('7649','66','3905.53','-5451.46','171.888'),
('7649','67','3958.58','-5482.51','160.988'),
('7649','68','4015.71','-5485.84','151.05'),
('7649','69','4072.31','-5498.54','139.662'),
('7649','70','4154.76','-5546.73','118.801'),
('7649','71','4196.15','-5557.72','117.026'),
('7649','72','4214.71','-5576.1','118.167'),
('7649','73','4291.54','-5586.98','120.93'),
('7649','74','4316.86','-5597.7','121.053'),
('7649','75','4336.24','-5600.64','131.076'),
('7649','76','4355.91','-5606.88','149.419'),
('7649','77','4375.83','-5613.52','166.956'),
('7649','78','4396.21','-5619.89','175.239'),
('7649','79','4426.76','-5631.13','161.055'),
('7649','80','4453.25','-5663.67','145.499'),
('7649','81','4469.69','-5697.3','144.703'),
('7649','82','4470.15','-5718.23','145.537'),
('7650','1','2658.59','-6160.84','138.371'),
('7650','2','2654.25','-6133.64','130.182'),
('7650','3','2642.76','-6109.38','122.549'),
('7650','4','2637.94','-6074.76','101.451'),
('7650','5','2632.23','-6052.18','102.317'),
('7650','6','2631.6','-5998.6','100.821'),
('7650','7','2638.01','-5985.36','101.345'),
('7650','8','2663.88','-5932.19','96.2325'),
('7650','9','2678.5','-5888.69','96.7151'),
('7650','10','2718.78','-5838.51','98.6612'),
('7650','11','2735.88','-5817.86','100.583'),
('7650','12','2758.39','-5795.04','103.996'),
('7650','13','2779.13','-5772.42','111.201'),
('7650','14','2795.26','-5749.19','119.889'),
('7650','15','2808.76','-5725.1','125.916'),
('7650','16','2821.83','-5697.35','128.322'),
('7650','17','2829.39','-5659.26','127.961'),
('7650','18','2833.62','-5623.92','127.782'),
('7650','19','2837.59','-5580.16','132.141'),
('7650','20','2838.1','-5532.1','134.296'),
('7650','21','2838.93','-5500.62','140.17'),
('7650','22','2838.82','-5458.56','142.486'),
('7650','23','2840.38','-5426.15','141.691'),
('7650','24','2863.05','-5372.43','130.859'),
('7650','25','2903.3','-5316.15','128.364'),
('7650','26','2906.26','-5286.47','132.142'),
('7650','27','2905.21','-5263.06','134.893'),
('7650','28','2907.05','-5228.49','129.84'),
('7650','29','2924.19','-5162.9','124.284'),
('7650','30','2923.82','-5125.17','133.665'),
('7650','31','2924.14','-5101.72','145.07'),
('7650','32','2928.12','-5075.45','155.967'),
('7650','33','2933.85','-5049.49','163.299'),
('7650','34','2954.17','-4998.5','165.653'),
('7650','35','2969.45','-4949.6','165.57'),
('7650','36','3001.85','-4912.67','162.318'),
('7650','37','3071.78','-4865.09','149.867'),
('7650','38','3132.57','-4841.27','137.516'),
('7650','39','3162.1','-4839.24','138.075'),
('7650','40','3191.46','-4839.18','149.392'),
('7650','41','3214.89','-4838.25','159.449'),
('7650','42','3240.21','-4835.11','164.486'),
('7650','43','3279.55','-4830.59','162.997'),
('7650','44','3355.18','-4820.78','150.246'),
('7650','45','3396.55','-4813.47','150.367'),
('7650','46','3435.91','-4803.61','154.069'),
('7650','47','3476.06','-4794.16','157.476'),
('7650','48','3513.61','-4793.71','160.019'),
('7650','49','3554.82','-4795.48','160.705'),
('7650','50','3604.06','-4793.11','159.05'),
('7650','51','3656.19','-4808.75','149.557'),
('7650','52','3695.47','-4832.12','145.611'),
('7650','53','3759.8','-4893.81','145.5'),
('7650','54','3786.18','-4933.31','146.081'),
('7650','55','3804.54','-4964.64','155.012'),
('7650','56','3799.97','-4994.32','161.885'),
('7650','57','3785.05','-5017.57','162.672'),
('7650','58','3769.18','-5052.58','169.895'),
('7650','59','3763.75','-5102.76','172.578'),
('7650','60','3782.88','-5143.55','164.94'),
('7650','61','3816.8','-5184.9','156.761'),
('7650','62','3841.59','-5246.39','155.42'),
('7650','63','3852.98','-5303.25','158.196'),
('7650','64','3854.82','-5364.73','167.983'),
('7650','65','3868.13','-5406.85','173.277'),
('7650','66','3905.53','-5451.46','171.888'),
('7650','67','3958.58','-5482.51','160.988'),
('7650','68','4015.71','-5485.84','151.05'),
('7650','69','4072.31','-5498.54','139.662'),
('7650','70','4154.76','-5546.73','118.801'),
('7650','71','4196.15','-5557.72','117.026'),
('7650','72','4214.71','-5576.1','118.167'),
('7650','73','4291.54','-5586.98','120.93'),
('7650','74','4316.86','-5597.7','121.053'),
('7650','75','4336.24','-5600.64','131.076'),
('7650','76','4355.91','-5606.88','149.419'),
('7650','77','4375.83','-5613.52','166.956'),
('7650','78','4396.21','-5619.89','175.239'),
('7650','79','4426.76','-5631.13','161.055'),
('7650','80','4453.25','-5663.67','145.499'),
('7650','81','4469.69','-5697.3','144.703'),
('7650','82','4470.15','-5718.23','145.537'),
('7650','83','4478.15','-5740.09','143.975'),
('7650','84','4485.85','-5810.63','124.037'),
('7650','85','4489.4','-5860.9','121.828'),
('7650','86','4481.89','-5884.12','128.356'),
('7650','87','4481.32','-5923.47','126.411'),
('7650','88','4483.76','-5954.16','116.338'),
('7650','89','4491.09','-6016.02','101.09'),
('7650','90','4498.45','-6077.07','98.4688'),
('7650','91','4511.07','-6140.42','98.8425'),
('7650','92','4525.32','-6166.45','99.3065'),
('7650','93','4545.15','-6185','110.013'),
('7650','94','4576.84','-6214.65','121.707'),
('7650','95','4591.74','-6228.41','126.025'),
('7650','96','4616.03','-6244.69','135.026'),
('7650','97','4639.37','-6258.1','143.746'),
('7650','98','4662.21','-6278.94','148.604'),
('7650','99','4676.62','-6302.33','144.706'),
('7650','100','4683.07','-6323.22','134.962'),
('7650','101','4692.27','-6362.42','104.409'),
('7650','102','4695.52','-6404.64','70.5204'),
('7650','103','4707.94','-6451.99','52.2226'),
('7650','104','4729.87','-6526.51','54.1196'),
('7650','105','4742.75','-6584.55','61.4162'),
('7650','106','4751.3','-6645.88','69.4412'),
('7650','107','4757.94','-6697.94','80.2526'),
('7650','108','4761.58','-6746','92.0433'),
('7650','109','4757.44','-6795.84','107.347'),
('7650','110','4744.48','-6835.72','120.226'),
('7650','111','4722.59','-6875.16','131.524'),
('7650','112','4690.24','-6919.08','142.293'),
('7650','113','4652.76','-6963.86','147.776'),
('7650','114','4630.39','-7002.54','152.571'),
('7650','115','4614.15','-7036.27','153.681'),
('7651','1','2933.77','-5046.96','163.684'),
('7651','2','2931.61','-5072.75','157.323'),
('7651','3','2926.05','-5108.7','141.955'),
('7651','4','2922.65','-5153.69','124.157'),
('7651','5','2922.56','-5184.84','128.344'),
('7651','6','2910.09','-5233.32','129.873'),
('7651','7','2905.5','-5260.91','134.894'),
('7651','8','2908.17','-5308.08','128.981'),
('7651','9','2875.56','-5354.85','126.603'),
('7651','10','2858.5','-5385.8','133.174'),
('7651','11','2840.08','-5426.92','141.809'),
('7651','12','2836.21','-5465.75','143.573'),
('7651','13','2841.94','-5519.17','136.325'),
('7651','14','2834.65','-5574.1','133.14'),
('7651','15','2834.98','-5626.93','127.8'),
('7651','16','2825.28','-5672.58','127.734'),
('7651','17','2811.27','-5722.76','126.371'),
('7651','18','2790.58','-5759.11','116.647'),
('7651','19','2743.46','-5814.22','101.289'),
('7651','20','2701.34','-5853.15','97.8688'),
('7651','21','2674.5','-5898.28','96.4723'),
('7651','22','2660.36','-5939.61','96.934'),
('7651','23','2636.27','-5987.51','101.537'),
('7651','24','2627.47','-6029.37','101.19'),
('7651','25','2630.73','-6050.11','102.449'),
('7651','26','2639.09','-6077.92','103.322'),
('7651','27','2643.14','-6099.96','117.89'),
('7651','28','2645.44','-6110.05','122.929'),
('7651','29','2652.82','-6131.51','129.411'),
('7651','30','2659.49','-6154.9','136.921'),
('7651','31','2658.92','-6177.97','138.004'),
('7652','1','2958.59','-4974.28','166.177'),
('7652','2','2974.97','-4941.04','165.115'),
('7652','3','3015.65','-4902.24','160.675'),
('7652','4','3070.56','-4865.46','150.066'),
('7652','5','3127.56','-4842.55','138.129'),
('7652','6','3150.59','-4838.18','138.043'),
('7652','7','3170.97','-4843.25','138.764'),
('7652','8','3187.51','-4840.54','147.213'),
('7652','9','3207.76','-4839.38','156.906'),
('7652','10','3228.61','-4837.06','162.933'),
('7652','11','3252.86','-4833.57','165.094'),
('7652','12','3321.89','-4824.45','155.141'),
('7652','13','3369.04','-4817.86','149.557'),
('7652','14','3402.21','-4811.29','150.968'),
('7652','15','3464.48','-4796.37','156.41'),
('7652','16','3518.28','-4791.21','160.232'),
('7652','17','3561.12','-4794.89','160.634'),
('7653','1','2958.59','-4974.28','166.177'),
('7653','2','2974.97','-4941.04','165.115'),
('7653','3','3015.65','-4902.24','160.675'),
('7653','4','3070.56','-4865.46','150.066'),
('7653','5','3127.56','-4842.55','138.129'),
('7653','6','3150.59','-4838.18','138.043'),
('7653','7','3170.97','-4843.25','138.764'),
('7653','8','3187.51','-4840.54','147.213'),
('7653','9','3207.76','-4839.38','156.906'),
('7653','10','3228.61','-4837.06','162.933'),
('7653','11','3252.86','-4833.57','165.094'),
('7653','12','3321.89','-4824.45','155.141'),
('7653','13','3369.04','-4817.86','149.557'),
('7653','14','3402.21','-4811.29','150.968'),
('7653','15','3464.48','-4796.37','156.41'),
('7653','16','3518.28','-4791.21','160.232'),
('7653','17','3561.12','-4794.89','160.634'),
('7653','18','3598.62','-4792.91','159.538'),
('7653','19','3647.99','-4800.83','153.025'),
('7653','20','3684.37','-4821.7','147.041'),
('7653','21','3740.2','-4872.58','145.072'),
('7653','22','3787.72','-4929.48','146.109'),
('7653','23','3795.71','-4943.43','145.672'),
('7653','24','3802.23','-4959.68','152.631'),
('7653','25','3803.2','-4981.65','159.662'),
('7653','26','3796.21','-5002.14','162.58'),
('7653','27','3782.84','-5022.74','163.428'),
('7653','28','3771.09','-5046.61','168.918'),
('7653','29','3763.57','-5084.95','172.523'),
('7653','30','3777','-5133.59','167.441'),
('7653','31','3797.18','-5156.06','159.775'),
('7653','32','3829.23','-5209.77','155.446'),
('7653','33','3850.75','-5283.54','156.517'),
('7653','34','3854.12','-5322.22','160.577'),
('7653','35','3859.49','-5376.17','168.812'),
('7653','36','3877.04','-5419.18','173.243'),
('7653','37','3919.98','-5462.12','169.075'),
('7653','38','3971.61','-5482.12','156.93'),
('7653','39','4025.93','-5486.09','149.189'),
('7653','40','4079.62','-5502.29','137.645'),
('7653','41','4150.58','-5540.83','120.034'),
('7653','42','4201.04','-5565.01','116.399'),
('7653','43','4217.49','-5573.6','118.295'),
('7653','44','4267.56','-5583.6','120.1'),
('7653','45','4312.42','-5592.9','120.157'),
('7653','46','4327.31','-5598.02','124.851'),
('7653','47','4341.28','-5602.61','135.557'),
('7653','48','4357.56','-5608.01','151.204'),
('7653','49','4376.18','-5614.18','167.323'),
('7653','50','4392.13','-5619.39','174.827'),
('7653','51','4409.67','-5625.48','170.268'),
('7653','52','4443.03','-5646.5','152.033'),
('7653','53','4461.42','-5678.31','143.435'),
('7653','54','4471.85','-5719.7','145.558'),
('7654','1','2958.59','-4974.28','166.177'),
('7654','2','2974.97','-4941.04','165.115'),
('7654','3','3015.65','-4902.24','160.675'),
('7654','4','3070.56','-4865.46','150.066'),
('7654','5','3127.56','-4842.55','138.129'),
('7654','6','3150.59','-4838.18','138.043'),
('7654','7','3170.97','-4843.25','138.764'),
('7654','8','3187.51','-4840.54','147.213'),
('7654','9','3207.76','-4839.38','156.906'),
('7654','10','3228.61','-4837.06','162.933'),
('7654','11','3252.86','-4833.57','165.094'),
('7654','12','3321.89','-4824.45','155.141'),
('7654','13','3369.04','-4817.86','149.557'),
('7654','14','3402.21','-4811.29','150.968'),
('7654','15','3464.48','-4796.37','156.41'),
('7654','16','3518.28','-4791.21','160.232'),
('7654','17','3561.12','-4794.89','160.634'),
('7654','18','3598.62','-4792.91','159.538'),
('7654','19','3647.99','-4800.83','153.025'),
('7654','20','3684.37','-4821.7','147.041'),
('7654','21','3740.2','-4872.58','145.072'),
('7654','22','3787.72','-4929.48','146.109'),
('7654','23','3795.71','-4943.43','145.672'),
('7654','24','3802.23','-4959.68','152.631'),
('7654','25','3803.2','-4981.65','159.662'),
('7654','26','3796.21','-5002.14','162.58'),
('7654','27','3782.84','-5022.74','163.428'),
('7654','28','3771.09','-5046.61','168.918'),
('7654','29','3763.57','-5084.95','172.523'),
('7654','30','3777','-5133.59','167.441'),
('7654','31','3797.18','-5156.06','159.775'),
('7654','32','3829.23','-5209.77','155.446'),
('7654','33','3850.75','-5283.54','156.517'),
('7654','34','3854.12','-5322.22','160.577'),
('7654','35','3859.49','-5376.17','168.812'),
('7654','36','3877.04','-5419.18','173.243'),
('7654','37','3919.98','-5462.12','169.075'),
('7654','38','3971.61','-5482.12','156.93'),
('7654','39','4025.93','-5486.09','149.189'),
('7654','40','4079.62','-5502.29','137.645'),
('7654','41','4150.58','-5540.83','120.034'),
('7654','42','4201.04','-5565.01','116.399'),
('7654','43','4217.49','-5573.6','118.295'),
('7654','44','4267.56','-5583.6','120.1'),
('7654','45','4312.42','-5592.9','120.157'),
('7654','46','4327.31','-5598.02','124.851'),
('7654','47','4341.28','-5602.61','135.557'),
('7654','48','4357.56','-5608.01','151.204'),
('7654','49','4376.18','-5614.18','167.323'),
('7654','50','4392.13','-5619.39','174.827'),
('7654','51','4409.67','-5625.48','170.268'),
('7654','52','4443.03','-5646.5','152.033'),
('7654','53','4461.42','-5678.31','143.435'),
('7654','54','4471.85','-5719.7','145.558'),
('7654','55','4475.25','-5729.48','145.644'),
('7654','56','4478.56','-5757.99','139.055'),
('7654','57','4484.3','-5795.69','127.923'),
('7654','58','4488.76','-5832.88','120.703'),
('7654','59','4488.94','-5861.89','122.04'),
('7654','60','4484.08','-5879.01','127.554'),
('7654','61','4481.34','-5902.96','129.528'),
('7654','62','4482.33','-5941.09','121.275'),
('7654','63','4487.66','-5990.46','103.179'),
('7654','64','4493.86','-6018.05','99.6792'),
('7654','65','4492.08','-6060.69','98.4545'),
('7654','66','4497.69','-6106.79','98.8578'),
('7654','67','4506.85','-6140.17','98.839'),
('7654','68','4519.32','-6162.35','97.196'),
('7654','69','4531.29','-6173.64','103.473'),
('7654','70','4544.37','-6184.18','109.688'),
('7654','71','4566.11','-6204.98','118.11'),
('7654','72','4591.59','-6228.9','126.016'),
('7654','73','4611.62','-6240.26','132.623'),
('7654','74','4637.46','-6254.93','142.823'),
('7654','75','4660.61','-6273.49','148.649'),
('7654','76','4673.13','-6292.45','147.342'),
('7654','77','4681.31','-6312.89','140.813'),
('7654','78','4688.9','-6337.66','124.535'),
('7654','79','4692.74','-6373.08','95.2447'),
('7654','80','4698.01','-6416.13','63.4919'),
('7654','81','4706.64','-6444.84','53.1544'),
('7654','82','4720.83','-6487.68','50.0731'),
('7654','83','4726.74','-6520.54','53.6719'),
('7654','84','4734.02','-6560.46','59.1573'),
('7654','85','4740.35','-6591.16','62.6964'),
('7654','86','4748.75','-6632.31','67.42'),
('7654','87','4756.16','-6668.65','73.3297'),
('7654','88','4758.46','-6700.06','80.768'),
('7654','89','4760.94','-6731.46','88.3766'),
('7654','90','4761.5','-6762.19','96.6393'),
('7654','91','4756.96','-6799.64','108.637'),
('7654','92','4746.61','-6830.09','118.356'),
('7654','93','4729.98','-6861.68','127.539'),
('7654','94','4711.93','-6889.52','135.259'),
('7654','95','4688.73','-6919.74','142.341'),
('7654','96','4658.82','-6954.02','146.434'),
('7654','97','4637.24','-6987.79','150.885'),
('7654','98','4628.19','-7007.87','153'),
('7654','99','4613.91','-7037.01','153.673'),
('7655','1','4474.87','-5729.11','145.679'),
('7655','2','4482.09','-5780.76','132.088'),
('7655','3','4489.12','-5834.18','120.67'),
('7655','4','4488.93','-5861.39','121.953'),
('7655','5','4482.58','-5893.64','129.773'),
('7655','6','4481.7','-5930.65','124.571'),
('7655','7','4486.39','-5978.69','106.965'),
('7655','8','4495.14','-6022.19','99.1779'),
('7655','9','4496.67','-6092.69','98.9747'),
('7655','10','4506.78','-6139.46','98.8462'),
('7655','11','4522.18','-6165.2','98.2131'),
('7655','12','4539.4','-6178.95','107.159'),
('7655','13','4568.29','-6204.89','118.675'),
('7655','14','4599.2','-6234.31','127.892'),
('7655','15','4623.33','-6249.7','138.271'),
('7655','16','4661.96','-6276.17','148.733'),
('7655','17','4681.81','-6313.88','140.365'),
('7655','18','4690.33','-6347.81','116.781'),
('7655','19','4694.31','-6395.91','76.4845'),
('7655','20','4701.05','-6428.74','57.4583'),
('7655','21','4724.62','-6501.28','51.1377'),
('7655','22','4734.03','-6540.4','56.0228'),
('7655','23','4742.21','-6575.14','60.2367'),
('7655','24','4752.16','-6647.57','69.6693'),
('7655','25','4757.43','-6687.48','77.6957'),
('7655','26','4761.11','-6727.89','87.4984'),
('7655','27','4761.48','-6770.18','99.0537'),
('7655','28','4750.27','-6818.47','114.462'),
('7655','29','4726.55','-6860.8','126.261'),
('7655','30','4694.85','-6908.24','139.503'),
('7655','31','4673.02','-6939.5','144.751'),
('7655','32','4636.87','-6992.31','151.328'),
('7655','33','4612.55','-7036.77','153.668'),
('7656','1','4468.24','-5702.55','145.47'),
('7656','2','4462.98','-5682.24','143.279'),
('7656','3','4445.07','-5648.58','151.115'),
('7656','4','4426.37','-5631.69','160.915'),
('7656','5','4413.71','-5625.55','167.275'),
('7656','6','4395.39','-5619.69','175.218'),
('7656','7','4378.07','-5614.13','168.495'),
('7656','8','4361.56','-5609.48','155.13'),
('7656','9','4323.13','-5598.83','123.1'),
('7656','10','4296.65','-5592.21','120.549'),
('7656','11','4246.99','-5580.33','118.107'),
('7656','12','4224.42','-5575.39','118.294'),
('7656','13','4194.86','-5563.81','115.778'),
('7656','14','4157.15','-5545.35','118.793'),
('7656','15','4107.34','-5519.8','129.446'),
('7656','16','4066.1','-5498.27','140.81'),
('7656','17','4025.43','-5486.65','149.456'),
('7656','18','3993.32','-5485.35','153.409'),
('7656','19','3965.4','-5482.85','159.001'),
('7656','20','3926.42','-5468.59','168.092'),
('7656','21','3897.87','-5446.09','173.271'),
('7656','22','3870.66','-5410.72','173.335'),
('7656','23','3853.59','-5351.54','165.565'),
('7656','24','3849.38','-5287.43','156.718'),
('7656','25','3838.75','-5237.88','155.262'),
('7656','26','3817.92','-5187.53','156.639'),
('7656','27','3801.36','-5160.83','159.127'),
('7656','28','3775.46','-5130.04','168.07'),
('7656','29','3763.72','-5096.16','172.595'),
('7656','30','3768.03','-5060.34','170.53'),
('7656','31','3782.42','-5021.37','163.266'),
('7656','32','3800.95','-4987.25','160.532'),
('7656','33','3802.84','-4961.09','153.306'),
('7656','34','3796.95','-4943.52','145.767'),
('7656','35','3778.53','-4918.85','145.901'),
('7656','36','3730.9','-4865.32','144.549'),
('7656','37','3695.44','-4834.8','144.909'),
('7656','38','3658.61','-4806.9','150.402'),
('7656','39','3610.25','-4794.42','158.061'),
('7656','40','3588.91','-4794.53','159.944'),
('7656','41','3552.96','-4795.45','160.724'),
('7657','1','4468.24','-5702.55','145.47'),
('7657','2','4462.98','-5682.24','143.279'),
('7657','3','4445.07','-5648.58','151.115'),
('7657','4','4426.37','-5631.69','160.915'),
('7657','5','4413.71','-5625.55','167.275'),
('7657','6','4395.39','-5619.69','175.218'),
('7657','7','4378.07','-5614.13','168.495'),
('7657','8','4361.56','-5609.48','155.13'),
('7657','9','4323.13','-5598.83','123.1'),
('7657','10','4296.65','-5592.21','120.549'),
('7657','11','4246.99','-5580.33','118.107'),
('7657','12','4224.42','-5575.39','118.294'),
('7657','13','4194.86','-5563.81','115.778'),
('7657','14','4157.15','-5545.35','118.793'),
('7657','15','4107.34','-5519.8','129.446'),
('7657','16','4066.1','-5498.27','140.81'),
('7657','17','4025.43','-5486.65','149.456'),
('7657','18','3993.32','-5485.35','153.409'),
('7657','19','3965.4','-5482.85','159.001'),
('7657','20','3926.42','-5468.59','168.092'),
('7657','21','3897.87','-5446.09','173.271'),
('7657','22','3870.66','-5410.72','173.335'),
('7657','23','3853.59','-5351.54','165.565'),
('7657','24','3849.38','-5287.43','156.718'),
('7657','25','3838.75','-5237.88','155.262'),
('7657','26','3817.92','-5187.53','156.639'),
('7657','27','3801.36','-5160.83','159.127'),
('7657','28','3775.46','-5130.04','168.07'),
('7657','29','3763.72','-5096.16','172.595'),
('7657','30','3768.03','-5060.34','170.53'),
('7657','31','3782.42','-5021.37','163.266'),
('7657','32','3800.95','-4987.25','160.532'),
('7657','33','3802.84','-4961.09','153.306'),
('7657','34','3796.95','-4943.52','145.767'),
('7657','35','3778.53','-4918.85','145.901'),
('7657','36','3730.9','-4865.32','144.549'),
('7657','37','3695.44','-4834.8','144.909'),
('7657','38','3658.61','-4806.9','150.402'),
('7657','39','3610.25','-4794.42','158.061'),
('7657','40','3588.91','-4794.53','159.944'),
('7657','41','3552.96','-4795.45','160.724'),
('7657','42','3529.66','-4791.44','160.692'),
('7657','43','3464.8','-4796.23','156.434'),
('7657','44','3406.62','-4810.18','151.386'),
('7657','45','3362.59','-4821.6','149.794'),
('7657','46','3320.33','-4827.68','155.609'),
('7657','47','3281.08','-4832.13','162.845'),
('7657','48','3241.1','-4836.74','164.425'),
('7657','49','3197.81','-4839.16','152.8'),
('7657','50','3175.77','-4839.86','140.642'),
('7657','51','3137.55','-4844.7','137.069'),
('7657','52','3106.06','-4852.85','142.97'),
('7657','53','3067.79','-4869','150.645'),
('7657','54','3024.72','-4895.73','159.027'),
('7657','55','2983.12','-4931.29','164.275'),
('7657','56','2963.74','-4964.64','166.004'),
('7657','57','2953.17','-5000.1','165.634'),
('7658','1','4468.24','-5702.55','145.47'),
('7658','2','4462.98','-5682.24','143.279'),
('7658','3','4445.07','-5648.58','151.115'),
('7658','4','4426.37','-5631.69','160.915'),
('7658','5','4413.71','-5625.55','167.275'),
('7658','6','4395.39','-5619.69','175.218'),
('7658','7','4378.07','-5614.13','168.495'),
('7658','8','4361.56','-5609.48','155.13'),
('7658','9','4323.13','-5598.83','123.1'),
('7658','10','4296.65','-5592.21','120.549'),
('7658','11','4246.99','-5580.33','118.107'),
('7658','12','4224.42','-5575.39','118.294'),
('7658','13','4194.86','-5563.81','115.778'),
('7658','14','4157.15','-5545.35','118.793'),
('7658','15','4107.34','-5519.8','129.446'),
('7658','16','4066.1','-5498.27','140.81'),
('7658','17','4025.43','-5486.65','149.456'),
('7658','18','3993.32','-5485.35','153.409'),
('7658','19','3965.4','-5482.85','159.001'),
('7658','20','3926.42','-5468.59','168.092'),
('7658','21','3897.87','-5446.09','173.271'),
('7658','22','3870.66','-5410.72','173.335'),
('7658','23','3853.59','-5351.54','165.565'),
('7658','24','3849.38','-5287.43','156.718'),
('7658','25','3838.75','-5237.88','155.262'),
('7658','26','3817.92','-5187.53','156.639'),
('7658','27','3801.36','-5160.83','159.127'),
('7658','28','3775.46','-5130.04','168.07'),
('7658','29','3763.72','-5096.16','172.595'),
('7658','30','3768.03','-5060.34','170.53'),
('7658','31','3782.42','-5021.37','163.266'),
('7658','32','3800.95','-4987.25','160.532'),
('7658','33','3802.84','-4961.09','153.306'),
('7658','34','3796.95','-4943.52','145.767'),
('7658','35','3778.53','-4918.85','145.901'),
('7658','36','3730.9','-4865.32','144.549'),
('7658','37','3695.44','-4834.8','144.909'),
('7658','38','3658.61','-4806.9','150.402'),
('7658','39','3610.25','-4794.42','158.061'),
('7658','40','3588.91','-4794.53','159.944'),
('7658','41','3552.96','-4795.45','160.724'),
('7658','42','3529.66','-4791.44','160.692'),
('7658','43','3464.8','-4796.23','156.434'),
('7658','44','3406.62','-4810.18','151.386'),
('7658','45','3362.59','-4821.6','149.794'),
('7658','46','3320.33','-4827.68','155.609'),
('7658','47','3281.08','-4832.13','162.845'),
('7658','48','3241.1','-4836.74','164.425'),
('7658','49','3197.81','-4839.16','152.8'),
('7658','50','3175.77','-4839.86','140.642'),
('7658','51','3137.55','-4844.7','137.069'),
('7658','52','3106.06','-4852.85','142.97'),
('7658','53','3067.79','-4869','150.645'),
('7658','54','3024.72','-4895.73','159.027'),
('7658','55','2983.12','-4931.29','164.275'),
('7658','56','2963.74','-4964.64','166.004'),
('7658','57','2953.17','-5000.1','165.634'),
('7658','58','2952.28','-5013.94','165.516'),
('7658','59','2935.68','-5048.64','163.538'),
('7658','60','2929.2','-5074.44','156.465'),
('7658','61','2923.97','-5112.53','139.801'),
('7658','62','2924.39','-5148.19','125.359'),
('7658','63','2919.79','-5177.69','125.708'),
('7658','64','2910.04','-5216.14','129.165'),
('7658','65','2904.22','-5250.7','133.065'),
('7658','66','2905.74','-5266.35','134.746'),
('7658','67','2907.5','-5306.18','129.068'),
('7658','68','2895.64','-5328.71','125.896'),
('7658','69','2876.44','-5359.38','126.676'),
('7658','70','2852.8','-5394.02','135.794'),
('7658','71','2841.42','-5421.78','141.215'),
('7658','72','2836.46','-5462.2','143.493'),
('7658','73','2838.05','-5501.36','140.286'),
('7658','74','2842.04','-5536.8','134.599'),
('7658','75','2837.36','-5569.83','133.614'),
('7658','76','2832.17','-5617.39','127.658'),
('7658','77','2828.68','-5653.61','127.774'),
('7658','78','2823.81','-5694.52','128.239'),
('7658','79','2804.03','-5733.94','123.524'),
('7658','80','2790','-5753.59','118.027'),
('7658','81','2760.92','-5792.13','104.543'),
('7658','82','2734.13','-5824.07','99.8396'),
('7658','83','2702.97','-5858.43','98.0592'),
('7658','84','2678.49','-5894.49','97.0794'),
('7658','85','2658.81','-5938.74','96.934'),
('7658','86','2642','-5977.59','100.557'),
('7658','87','2629.95','-6024.59','100.778'),
('7658','88','2630.83','-6051.02','102.49'),
('7658','89','2635.14','-6071.27','100.943'),
('7658','90','2638.2','-6083.49','106.892'),
('7658','91','2643.15','-6102.1','119.066'),
('7658','92','2646.15','-6110.72','123.144'),
('7658','93','2654.83','-6134.42','130.585'),
('7658','94','2659.39','-6157.2','137.467'),
('7658','95','2659.13','-6177.16','138.013'),
('7659','1','3539.14','-4796.3','160.929'),
('7659','2','3506.03','-4793.44','159.452'),
('7659','3','3445.21','-4800.81','154.862'),
('7659','4','3394.54','-4813.34','150.171'),
('7659','5','3368.95','-4820.49','149.681'),
('7659','6','3329.59','-4826.84','153.835'),
('7659','7','3293.17','-4831.66','160.84'),
('7659','8','3251.14','-4836.76','165.127'),
('7659','9','3203.32','-4842.07','155.207'),
('7659','10','3179.18','-4842.43','142.017'),
('7659','11','3145.96','-4843.08','137.428'),
('7659','12','3113.18','-4847.49','141.392'),
('7659','13','3073.87','-4864.75','149.526'),
('7659','14','3034.48','-4889.48','157.213'),
('7659','15','2996.94','-4917.48','162.897'),
('7659','16','2970.41','-4950.25','165.476'),
('7659','17','2952.82','-5004.64','165.702'),
('7660','1','3539.14','-4796.3','160.929'),
('7660','2','3506.03','-4793.44','159.452'),
('7660','3','3445.21','-4800.81','154.862'),
('7660','4','3394.54','-4813.34','150.171'),
('7660','5','3368.95','-4820.49','149.681'),
('7660','6','3329.59','-4826.84','153.835'),
('7660','7','3293.17','-4831.66','160.84'),
('7660','8','3251.14','-4836.76','165.127'),
('7660','9','3203.32','-4842.07','155.207'),
('7660','10','3179.18','-4842.43','142.017'),
('7660','11','3145.96','-4843.08','137.428'),
('7660','12','3113.18','-4847.49','141.392'),
('7660','13','3073.87','-4864.75','149.526'),
('7660','14','3034.48','-4889.48','157.213'),
('7660','15','2996.94','-4917.48','162.897'),
('7660','16','2970.41','-4950.25','165.476'),
('7660','17','2952.82','-5004.64','165.702'),
('7660','18','2943.72','-5035.23','164.542'),
('7660','19','2931.36','-5063.42','160.016'),
('7660','20','2925.08','-5099.17','146.3'),
('7660','21','2924.14','-5131.31','130.944'),
('7660','22','2923.48','-5163.85','124.351'),
('7660','23','2920.27','-5189.89','127.157'),
('7660','24','2910.02','-5222.42','129.716'),
('7660','25','2905.32','-5251.97','133.503'),
('7660','26','2910.99','-5285.09','132.74'),
('7660','27','2903.48','-5312','129.018'),
('7660','28','2886.27','-5340.34','125.378'),
('7660','29','2862.78','-5374.31','131.073'),
('7660','30','2846.54','-5404.82','138.794'),
('7660','31','2837.83','-5444.32','143.062'),
('7660','32','2837.78','-5494.3','141.299'),
('7660','33','2841.58','-5538.19','134.612'),
('7660','34','2836.2','-5572.93','133.269'),
('7660','35','2832.57','-5609.14','128.486'),
('7660','36','2827.76','-5654.68','127.863'),
('7660','37','2821.79','-5694.09','128.24'),
('7660','38','2797.54','-5748.1','120.515'),
('7660','39','2776.33','-5774.14','110.334'),
('7660','40','2745.89','-5808.36','102.044'),
('7660','41','2703.73','-5854.59','98.0702'),
('7660','42','2677.39','-5897.76','96.8284'),
('7660','43','2658.89','-5939.85','97.0519'),
('7660','44','2640.87','-5982.35','101.182'),
('7660','45','2629.33','-6016.5','100.668'),
('7660','46','2629.2','-6043.21','101.81'),
('7660','47','2636.85','-6070.72','100.918'),
('7660','48','2641.19','-6084.68','107.981'),
('7660','49','2644.06','-6100.19','118.113'),
('7660','50','2645.68','-6109.69','122.869'),
('7660','51','2652.49','-6135.31','130.521'),
('7660','52','2659.17','-6153.73','136.621'),
('7660','53','2658.88','-6176.82','138.017'),
('7661','1','3583.04','-4796.07','160.182'),
('7661','2','3614.53','-4795.95','157.068'),
('7661','3','3663.55','-4808.76','149.921'),
('7661','4','3708.9','-4842.9','145.411'),
('7661','5','3758.67','-4892.58','145.477'),
('7661','6','3782.59','-4923.15','146.033'),
('7661','7','3789.49','-4934','145.843'),
('7661','8','3800.53','-4957.36','151.341'),
('7661','9','3802.55','-4984.22','160.195'),
('7661','10','3789.22','-5013.56','162.805'),
('7661','11','3775.57','-5039.19','166.997'),
('7661','12','3764.2','-5076.71','172.219'),
('7661','13','3770.47','-5123.45','170.024'),
('7661','14','3797.76','-5155.91','159.603'),
('7661','15','3826.53','-5205.04','155.766'),
('7661','16','3845.71','-5259.52','155.565'),
('7661','17','3853.05','-5296.35','157.426'),
('7661','18','3854.34','-5336.84','162.819'),
('7661','19','3859.01','-5381.21','170.098'),
('7661','20','3880.6','-5423.59','173.181'),
('7661','21','3916.95','-5460.48','169.786'),
('7661','22','3951.17','-5479.34','162.412'),
('7661','23','4005.89','-5488.67','153.013'),
('7661','24','4040.5','-5488.97','146.809'),
('7661','25','4093.39','-5508.05','134.141'),
('7661','26','4154.64','-5542.57','119.434'),
('7661','27','4196.45','-5562.89','116.153'),
('7661','28','4210.75','-5572.79','117.801'),
('7661','29','4257.88','-5583.4','118.905'),
('7661','30','4309.01','-5592.45','120.074'),
('7661','31','4332.76','-5599.69','128.401'),
('7661','32','4344.34','-5603.68','138.333'),
('7661','33','4359.61','-5608.73','153.223'),
('7661','34','4373.88','-5613.53','165.651'),
('7661','35','4387.42','-5618.27','173.582'),
('7661','36','4399.98','-5622.56','174.869'),
('7661','37','4412.98','-5626.72','167.296'),
('7661','38','4436.31','-5637.91','156.617'),
('7661','39','4452.5','-5657.2','147.962'),
('7661','40','4465.15','-5683.99','143.577'),
('7661','41','4470.5','-5716.96','145.524'),
('7662','1','3583.04','-4796.07','160.182'),
('7662','2','3614.53','-4795.95','157.068'),
('7662','3','3663.55','-4808.76','149.921'),
('7662','4','3708.9','-4842.9','145.411'),
('7662','5','3758.67','-4892.58','145.477'),
('7662','6','3782.59','-4923.15','146.033'),
('7662','7','3789.49','-4934','145.843'),
('7662','8','3800.53','-4957.36','151.341'),
('7662','9','3802.55','-4984.22','160.195'),
('7662','10','3789.22','-5013.56','162.805'),
('7662','11','3775.57','-5039.19','166.997'),
('7662','12','3764.2','-5076.71','172.219'),
('7662','13','3770.47','-5123.45','170.024'),
('7662','14','3797.76','-5155.91','159.603'),
('7662','15','3826.53','-5205.04','155.766'),
('7662','16','3845.71','-5259.52','155.565'),
('7662','17','3853.05','-5296.35','157.426'),
('7662','18','3854.34','-5336.84','162.819'),
('7662','19','3859.01','-5381.21','170.098'),
('7662','20','3880.6','-5423.59','173.181'),
('7662','21','3916.95','-5460.48','169.786'),
('7662','22','3951.17','-5479.34','162.412'),
('7662','23','4005.89','-5488.67','153.013'),
('7662','24','4040.5','-5488.97','146.809'),
('7662','25','4093.39','-5508.05','134.141'),
('7662','26','4154.64','-5542.57','119.434'),
('7662','27','4196.45','-5562.89','116.153'),
('7662','28','4210.75','-5572.79','117.801'),
('7662','29','4257.88','-5583.4','118.905'),
('7662','30','4309.01','-5592.45','120.074'),
('7662','31','4332.76','-5599.69','128.401'),
('7662','32','4344.34','-5603.68','138.333'),
('7662','33','4359.61','-5608.73','153.223'),
('7662','34','4373.88','-5613.53','165.651'),
('7662','35','4387.42','-5618.27','173.582'),
('7662','36','4399.98','-5622.56','174.869'),
('7662','37','4412.98','-5626.72','167.296'),
('7662','38','4436.31','-5637.91','156.617'),
('7662','39','4452.5','-5657.2','147.962'),
('7662','40','4465.15','-5683.99','143.577'),
('7662','41','4470.5','-5716.96','145.524'),
('7662','42','4475.22','-5735.21','144.778'),
('7662','43','4479.68','-5763.91','137.172'),
('7662','44','4484.76','-5799.58','126.762'),
('7662','45','4489.32','-5837.44','120.369'),
('7662','46','4487.61','-5861.62','122.1'),
('7662','47','4483.18','-5881.78','128.195'),
('7662','48','4481.6','-5899.55','129.746'),
('7662','49','4481.85','-5938.36','122.094'),
('7662','50','4487.67','-5996.86','101.451'),
('7662','51','4493.2','-6018.4','99.5995'),
('7662','52','4494.02','-6062.95','98.6017'),
('7662','53','4496.34','-6096.02','99.0598'),
('7662','54','4504.9','-6137.09','98.8304'),
('7662','55','4521.17','-6159.61','97.4721'),
('7662','56','4538.16','-6175.19','105.803'),
('7662','57','4556.6','-6191.78','114.07'),
('7662','58','4583.51','-6220.73','123.762'),
('7662','59','4597.66','-6233.18','127.488'),
('7662','60','4624.23','-6250.7','138.748'),
('7662','61','4647.08','-6266.83','146.482'),
('7662','62','4664.22','-6284.32','148.311'),
('7662','63','4680.65','-6313.26','140.74'),
('7662','64','4688.55','-6341.2','122.092'),
('7662','65','4693.41','-6378.88','90.2539'),
('7662','66','4698.07','-6425.2','59.4056'),
('7662','67','4708.43','-6463.64','51.7483'),
('7662','68','4722.56','-6514.91','53.5327'),
('7662','69','4735.31','-6561.48','59.1464'),
('7662','70','4744.32','-6596.36','62.7094'),
('7662','71','4751.3','-6641.99','68.6288'),
('7662','72','4757.92','-6698.62','80.4283'),
('7662','73','4761.11','-6739.77','90.434'),
('7662','74','4759.62','-6782.72','103.135'),
('7662','75','4748.73','-6824.27','116.462'),
('7662','76','4729.98','-6862.87','128.032'),
('7662','77','4701.16','-6904.56','139.197'),
('7662','78','4662.35','-6948.19','145.64'),
('7662','79','4641.42','-6980.28','149.987'),
('7662','80','4627.01','-7012.01','153.279'),
('7662','81','4613.57','-7036.85','153.671');

-- trigger
DELETE FROM `creature_template` WHERE `entry` IN (7990, 7991, 7992, 7993, 7994);
INSERT INTO `creature_template` (`entry`, `modelid1`,  `modelid2`,  `modelid3`,  `modelid4`, `name`, `minlevel`, `maxlevel`, `faction_a`, `faction_h`, `npcflag`, `speed_walk`, `speed_run`, `mindmg`, `maxdmg`, `attackpower`, `unit_flags`, `unit_flags2`, `type_flags`, `AIName`, `inhabittype`) VALUES 
(7990, 4449, 4449, 4449, 4449, 'Joy Ride: Southern - Trigger', 60, 60, 35, 35, 0, 0, 0, 1, 1, 1, 4, 2, 1048576, 'SmartAI', 4),
(7991, 4449, 4449, 4449, 4449, 'Joy Ride: South-west - Trigger', 60, 60, 35, 35, 0, 0, 0, 1, 1, 1, 4, 2, 1048576, 'SmartAI', 4),
(7992, 4449, 4449, 4449, 4449, 'Joy Ride: North-west - Trigger', 60, 60, 35, 35, 0, 0, 0, 1, 1, 1, 4, 2, 1048576, 'SmartAI', 4),
(7993, 4449, 4449, 4449, 4449, 'Joy Ride: Northern - Trigger', 60, 60, 35, 35, 0, 0, 0, 1, 1, 1, 4, 2, 1048576, 'SmartAI', 4),
(7994, 4449, 4449, 4449, 4449, 'Joy Ride: North-west-extra - Trigger', 60, 60, 35, 35, 0, 0, 0, 1, 1, 1, 4, 2, 1048576, 'SmartAI', 4);

DELETE FROM `creature` WHERE `id` IN (7990, 7991, 7992, 7993, 7994, 52585, 52583);
insert into `creature` (`id`, `map`, `zone`, `area`, `spawnMask`, `phaseMask`, `modelid`, `equipment_id`, `position_x`, `position_y`, `position_z`, `orientation`, `spawntimesecs`, `spawndist`, `currentwaypoint`, `curhealth`, `curmana`, `MovementType`, `npcflag`, `unit_flags`, `dynamicflags`) values
('7990','1','16','4828','1','1','0','0','2658.14','-6175.57','138.032','1.54771','300','0','0','3052','0','0','0','0','0'),
('7991','1','16','4830','1','1','0','0','2959.45','-4999.09','165.66','2.91179','300','0','0','3052','0','0','0','0','0'),
('7992','1','16','16','1','1','0','0','3556.53','-4791.64','160.684','4.70499','300','0','0','3052','0','0','0','0','0'),
('7993','1','16','2497','1','1','0','0','4612.52','-7038.98','153.753','0.992204','300','0','0','3052','0','0','0','0','0'),
('7994','1','16','4825','1','1','0','0','4465.72','-5716.68','145.508','0.217873','300','0','0','3052','0','0','0','0','0');

-- achievement itself
DELETE FROM `achievement_criteria_dbc` WHERE `id` = 15649;
INSERT INTO `achievement_criteria_dbc` (`ID`, `achievement`, `type`, `value1`, `value2`, `additionalReqType1`, `additionalReqValue1`, `additionalReqType2`, `additionalReqValue2`, `completionFlag`, `timedCriteriaStartType`, `timeCriteriaMiscId`, `timeLimit`, `showOrder`, `additionalConditionType1`, `additionalConditionType2`, `additionalConditionType3`, `additionalConditionValue1`, `additionalConditionValue2`, `additionalConditionValue3`) VALUES
(15649,5454,28,98915,1,0,0,0,0,0,0,0,0,8,0,0,0,0,0,0);

-- creature vehicleid: 1607 (not working) 
UPDATE `creature_template` SET `AIName` = 'SmartAI' WHERE `entry` IN (43217);

DELETE FROM `npc_spellclick_spells` WHERE `npc_entry` IN (52585, 7644, 7645, 7646, 7647, 7648, 7649, 7650, 7651, 7652, 7653, 7654, 7654, 7655, 7656, 7657, 7658, 7659, 7660, 7661, 7662);
INSERT INTO `npc_spellclick_spells` (`npc_entry`, `spell_id`, `cast_flags`, `user_type`) VALUES
(52585,62309,1,0),
(7644,62309,1,0),
(7645,62309,1,0),
(7646,62309,1,0),
(7647,62309,1,0),
(7648,62309,1,0),
(7649,62309,1,0),
(7650,62309,1,0),
(7651,62309,1,0),
(7652,62309,1,0),
(7653,62309,1,0),
(7654,62309,1,0),
(7655,62309,1,0),
(7656,62309,1,0),
(7657,62309,1,0),
(7658,62309,1,0),
(7659,62309,1,0),
(7660,62309,1,0),
(7661,62309,1,0),
(7662,62309,1,0);

DELETE FROM `gossip_menu_option` WHERE `menu_id` = 11705 AND `id` = 4;
INSERT INTO `gossip_menu_option` VALUES
('11705','4','0','Orgrimmar Rocketway Exchange, please.','1','1','0','0','0','0','');

REPLACE INTO `creature_template` (`entry`, `difficulty_entry_1`, `difficulty_entry_2`, `difficulty_entry_3`, `KillCredit1`, `KillCredit2`, `modelid1`, `modelid2`, `modelid3`, `modelid4`, `name`, `subname`, `IconName`, `gossip_menu_id`, `minlevel`, `maxlevel`, `exp`, `exp_unk`, `faction_A`, `faction_H`, `npcflag`, `speed_walk`, `speed_run`, `speed_swim`, `speed_fly`, `scale`, `rank`, `mindmg`, `maxdmg`, `dmgschool`, `attackpower`, `dmg_multiplier`, `baseattacktime`, `rangeattacktime`, `unit_class`, `unit_flags`, `unit_flags2`, `dynamicflags`, `family`, `trainer_type`, `trainer_spell`, `trainer_class`, `trainer_race`, `minrangedmg`, `maxrangedmg`, `rangedattackpower`, `type`, `type_flags`, `type_flags2`, `lootid`, `pickpocketloot`, `skinloot`, `resistance1`, `resistance2`, `resistance3`, `resistance4`, `resistance5`, `resistance6`, `spell1`, `spell2`, `spell3`, `spell4`, `spell5`, `spell6`, `spell7`, `spell8`, `PetSpellDataId`, `VehicleId`, `mingold`, `maxgold`, `AIName`, `MovementType`, `InhabitType`, `HoverHeight`, `Health_mod`, `Mana_mod`, `Mana_mod_extra`, `Armor_mod`, `RacialLeader`, `questItem1`, `questItem2`, `questItem3`, `questItem4`, `questItem5`, `questItem6`, `movementId`, `RegenHealth`, `equipment_id`, `mechanic_immune_mask`, `flags_extra`, `ScriptName`, `WDBVerified`) VALUES
('52585','0','0','0','0','0','31992','0','0','0','Redhound Two-Seater',NULL,'vehichleCursor','0','5','5','0','0','35','35','16777218','1','4.5','1','2.14286','1','0','12','14.375','0','46','0.75','2000','2000','1','32768','0','0','0','0','0','0','0','6.6','10.625','30','9','0','0','0','0','0','0','0','0','0','0','0','0','0','0','0','0','0','0','0','0','939','0','0','SmartAI','2','3','1','1','1','1','1','0','0','0','0','0','0','0','188','1','0','0','0','','1'),
('7644','0','0','0','0','0','31992','0','0','0','Redhound Two-Seater',NULL,'vehichleCursor','0','5','5','0','0','35','35','16777218','1','4.5','1','2.14286','1','0','12','14.375','0','46','0.75','2000','2000','1','32768','0','0','0','0','0','0','0','6.6','10.625','30','9','0','0','0','0','0','0','0','0','0','0','0','0','0','0','0','0','0','0','0','0','939','0','0','SmartAI','2','3','1','1','1','1','1','0','0','0','0','0','0','0','188','1','0','0','0','','1'),
('7645','0','0','0','0','0','31992','0','0','0','Redhound Two-Seater',NULL,'vehichleCursor','0','5','5','0','0','35','35','16777218','1','4.5','1','2.14286','1','0','12','14.375','0','46','0.75','2000','2000','1','32768','0','0','0','0','0','0','0','6.6','10.625','30','9','0','0','0','0','0','0','0','0','0','0','0','0','0','0','0','0','0','0','0','0','939','0','0','SmartAI','2','3','1','1','1','1','1','0','0','0','0','0','0','0','188','1','0','0','0','','1'),
('7646','0','0','0','0','0','31992','0','0','0','Redhound Two-Seater',NULL,'vehichleCursor','0','5','5','0','0','35','35','16777218','1','4.5','1','2.14286','1','0','12','14.375','0','46','0.75','2000','2000','1','32768','0','0','0','0','0','0','0','6.6','10.625','30','9','0','0','0','0','0','0','0','0','0','0','0','0','0','0','0','0','0','0','0','0','939','0','0','SmartAI','2','3','1','1','1','1','1','0','0','0','0','0','0','0','188','1','0','0','0','','1'),
('7647','0','0','0','0','0','31992','0','0','0','Redhound Two-Seater',NULL,'vehichleCursor','0','5','5','0','0','35','35','16777218','1','4.5','1','2.14286','1','0','12','14.375','0','46','0.75','2000','2000','1','32768','0','0','0','0','0','0','0','6.6','10.625','30','9','0','0','0','0','0','0','0','0','0','0','0','0','0','0','0','0','0','0','0','0','939','0','0','SmartAI','2','3','1','1','1','1','1','0','0','0','0','0','0','0','188','1','0','0','0','','1'),
('7648','0','0','0','0','0','31992','0','0','0','Redhound Two-Seater',NULL,'vehichleCursor','0','5','5','0','0','35','35','16777218','1','4.5','1','2.14286','1','0','12','14.375','0','46','0.75','2000','2000','1','32768','0','0','0','0','0','0','0','6.6','10.625','30','9','0','0','0','0','0','0','0','0','0','0','0','0','0','0','0','0','0','0','0','0','939','0','0','SmartAI','2','3','1','1','1','1','1','0','0','0','0','0','0','0','188','1','0','0','0','','1'),
('7649','0','0','0','0','0','31992','0','0','0','Redhound Two-Seater',NULL,'vehichleCursor','0','5','5','0','0','35','35','16777218','1','4.5','1','2.14286','1','0','12','14.375','0','46','0.75','2000','2000','1','32768','0','0','0','0','0','0','0','6.6','10.625','30','9','0','0','0','0','0','0','0','0','0','0','0','0','0','0','0','0','0','0','0','0','939','0','0','SmartAI','2','3','1','1','1','1','1','0','0','0','0','0','0','0','188','1','0','0','0','','1'),
('7650','0','0','0','0','0','31992','0','0','0','Redhound Two-Seater',NULL,'vehichleCursor','0','5','5','0','0','35','35','16777218','1','4.5','1','2.14286','1','0','12','14.375','0','46','0.75','2000','2000','1','32768','0','0','0','0','0','0','0','6.6','10.625','30','9','0','0','0','0','0','0','0','0','0','0','0','0','0','0','0','0','0','0','0','0','939','0','0','SmartAI','2','3','1','1','1','1','1','0','0','0','0','0','0','0','188','1','0','0','0','','1'),
('7651','0','0','0','0','0','31992','0','0','0','Redhound Two-Seater',NULL,'vehichleCursor','0','5','5','0','0','35','35','16777218','1','4.5','1','2.14286','1','0','12','14.375','0','46','0.75','2000','2000','1','32768','0','0','0','0','0','0','0','6.6','10.625','30','9','0','0','0','0','0','0','0','0','0','0','0','0','0','0','0','0','0','0','0','0','939','0','0','SmartAI','2','3','1','1','1','1','1','0','0','0','0','0','0','0','188','1','0','0','0','','1'),
('7652','0','0','0','0','0','31992','0','0','0','Redhound Two-Seater',NULL,'vehichleCursor','0','5','5','0','0','35','35','16777218','1','4.5','1','2.14286','1','0','12','14.375','0','46','0.75','2000','2000','1','32768','0','0','0','0','0','0','0','6.6','10.625','30','9','0','0','0','0','0','0','0','0','0','0','0','0','0','0','0','0','0','0','0','0','939','0','0','SmartAI','2','3','1','1','1','1','1','0','0','0','0','0','0','0','188','1','0','0','0','','1'),
('7653','0','0','0','0','0','31992','0','0','0','Redhound Two-Seater',NULL,'vehichleCursor','0','5','5','0','0','35','35','16777218','1','4.5','1','2.14286','1','0','12','14.375','0','46','0.75','2000','2000','1','32768','0','0','0','0','0','0','0','6.6','10.625','30','9','0','0','0','0','0','0','0','0','0','0','0','0','0','0','0','0','0','0','0','0','939','0','0','SmartAI','2','3','1','1','1','1','1','0','0','0','0','0','0','0','188','1','0','0','0','','1'),
('7654','0','0','0','0','0','31992','0','0','0','Redhound Two-Seater',NULL,'vehichleCursor','0','5','5','0','0','35','35','16777218','1','4.5','1','2.14286','1','0','12','14.375','0','46','0.75','2000','2000','1','32768','0','0','0','0','0','0','0','6.6','10.625','30','9','0','0','0','0','0','0','0','0','0','0','0','0','0','0','0','0','0','0','0','0','939','0','0','SmartAI','2','3','1','1','1','1','1','0','0','0','0','0','0','0','188','1','0','0','0','','1'),
('7655','0','0','0','0','0','31992','0','0','0','Redhound Two-Seater',NULL,'vehichleCursor','0','5','5','0','0','35','35','16777218','1','4.5','1','2.14286','1','0','12','14.375','0','46','0.75','2000','2000','1','32768','0','0','0','0','0','0','0','6.6','10.625','30','9','0','0','0','0','0','0','0','0','0','0','0','0','0','0','0','0','0','0','0','0','939','0','0','SmartAI','2','3','1','1','1','1','1','0','0','0','0','0','0','0','188','1','0','0','0','','1'),
('7656','0','0','0','0','0','31992','0','0','0','Redhound Two-Seater',NULL,'vehichleCursor','0','5','5','0','0','35','35','16777218','1','4.5','1','2.14286','1','0','12','14.375','0','46','0.75','2000','2000','1','32768','0','0','0','0','0','0','0','6.6','10.625','30','9','0','0','0','0','0','0','0','0','0','0','0','0','0','0','0','0','0','0','0','0','939','0','0','SmartAI','2','3','1','1','1','1','1','0','0','0','0','0','0','0','188','1','0','0','0','','1'),
('7657','0','0','0','0','0','31992','0','0','0','Redhound Two-Seater',NULL,'vehichleCursor','0','5','5','0','0','35','35','16777218','1','4.5','1','2.14286','1','0','12','14.375','0','46','0.75','2000','2000','1','32768','0','0','0','0','0','0','0','6.6','10.625','30','9','0','0','0','0','0','0','0','0','0','0','0','0','0','0','0','0','0','0','0','0','939','0','0','SmartAI','2','3','1','1','1','1','1','0','0','0','0','0','0','0','188','1','0','0','0','','1'),
('7658','0','0','0','0','0','31992','0','0','0','Redhound Two-Seater',NULL,'vehichleCursor','0','5','5','0','0','35','35','16777218','1','4.5','1','2.14286','1','0','12','14.375','0','46','0.75','2000','2000','1','32768','0','0','0','0','0','0','0','6.6','10.625','30','9','0','0','0','0','0','0','0','0','0','0','0','0','0','0','0','0','0','0','0','0','939','0','0','SmartAI','2','3','1','1','1','1','1','0','0','0','0','0','0','0','188','1','0','0','0','','1'),
('7659','0','0','0','0','0','31992','0','0','0','Redhound Two-Seater',NULL,'vehichleCursor','0','5','5','0','0','35','35','16777218','1','4.5','1','2.14286','1','0','12','14.375','0','46','0.75','2000','2000','1','32768','0','0','0','0','0','0','0','6.6','10.625','30','9','0','0','0','0','0','0','0','0','0','0','0','0','0','0','0','0','0','0','0','0','939','0','0','SmartAI','2','3','1','1','1','1','1','0','0','0','0','0','0','0','188','1','0','0','0','','1'),
('7660','0','0','0','0','0','31992','0','0','0','Redhound Two-Seater',NULL,'vehichleCursor','0','5','5','0','0','35','35','16777218','1','4.5','1','2.14286','1','0','12','14.375','0','46','0.75','2000','2000','1','32768','0','0','0','0','0','0','0','6.6','10.625','30','9','0','0','0','0','0','0','0','0','0','0','0','0','0','0','0','0','0','0','0','0','939','0','0','SmartAI','2','3','1','1','1','1','1','0','0','0','0','0','0','0','188','1','0','0','0','','1'),
('7661','0','0','0','0','0','31992','0','0','0','Redhound Two-Seater',NULL,'vehichleCursor','0','5','5','0','0','35','35','16777218','1','4.5','1','2.14286','1','0','12','14.375','0','46','0.75','2000','2000','1','32768','0','0','0','0','0','0','0','6.6','10.625','30','9','0','0','0','0','0','0','0','0','0','0','0','0','0','0','0','0','0','0','0','0','939','0','0','SmartAI','2','3','1','1','1','1','1','0','0','0','0','0','0','0','188','1','0','0','0','','1'),
('7662','0','0','0','0','0','31992','0','0','0','Redhound Two-Seater',NULL,'vehichleCursor','0','5','5','0','0','35','35','16777218','1','4.5','1','2.14286','1','0','12','14.375','0','46','0.75','2000','2000','1','32768','0','0','0','0','0','0','0','6.6','10.625','30','9','0','0','0','0','0','0','0','0','0','0','0','0','0','0','0','0','0','0','0','0','939','0','0','SmartAI','2','3','1','1','1','1','1','0','0','0','0','0','0','0','188','1','0','0','0','','1');


-- conditions
DELETE FROM `conditions` WHERE `SourceTypeOrReferenceId` = 22 AND `SourceEntry` = 43217;
DELETE FROM `conditions` WHERE `SourceTypeOrReferenceId` = 15 AND `SourceGroup` = 11705;
INSERT INTO `conditions` (`SourceTypeOrReferenceId`,`SourceGroup`,`SourceEntry`,`SourceId`,`ElseGroup`,`ConditionTypeOrReference`,`ConditionTarget`,`ConditionValue1`,`ConditionValue2`,`ConditionValue3`,`NegativeCondition`,`ErrorType`,`ErrorTextId`,`ScriptName`,`Comment`) VALUES 
-- show gossip
(15,11705,0,0,0,29,0,7990,50,0,1,0,0,'','Does not show gossip if creature is near'),
(15,11705,1,0,0,29,0,7992,50,0,1,0,0,'','Does not show gossip if creature is near'),
(15,11705,2,0,0,29,0,7994,50,0,1,0,0,'','Does not show gossip if creature is near'),
(15,11705,3,0,0,29,0,7993,50,0,1,0,0,'','Does not show gossip if creature is near'),
(15,11705,4,0,0,29,0,7991,50,0,1,0,0,'','Does not show gossip if creature is near'),

(15,11705,0,0,0,29,0,52585,50,0,1,0,0,'','Does not show gossip if creature is near'),
(15,11705,1,0,0,29,0,52585,50,0,1,0,0,'','Does not show gossip if creature is near'),
(15,11705,2,0,0,29,0,52585,50,0,1,0,0,'','Does not show gossip if creature is near'),
(15,11705,3,0,0,29,0,52585,50,0,1,0,0,'','Does not show gossip if creature is near'),
(15,11705,4,0,0,29,0,52585,50,0,1,0,0,'','Does not show gossip if creature is near'),

(15,11705,0,0,0,29,0,7644,50,0,1,0,0,'','Does not show gossip if creature is near'),
(15,11705,1,0,0,29,0,7644,50,0,1,0,0,'','Does not show gossip if creature is near'),
(15,11705,2,0,0,29,0,7644,50,0,1,0,0,'','Does not show gossip if creature is near'),
(15,11705,3,0,0,29,0,7644,50,0,1,0,0,'','Does not show gossip if creature is near'),
(15,11705,4,0,0,29,0,7644,50,0,1,0,0,'','Does not show gossip if creature is near'),

(15,11705,0,0,0,29,0,7645,50,0,1,0,0,'','Does not show gossip if creature is near'),
(15,11705,1,0,0,29,0,7645,50,0,1,0,0,'','Does not show gossip if creature is near'),
(15,11705,2,0,0,29,0,7645,50,0,1,0,0,'','Does not show gossip if creature is near'),
(15,11705,3,0,0,29,0,7645,50,0,1,0,0,'','Does not show gossip if creature is near'),
(15,11705,4,0,0,29,0,7645,50,0,1,0,0,'','Does not show gossip if creature is near'),

(15,11705,0,0,0,29,0,7646,50,0,1,0,0,'','Does not show gossip if creature is near'),
(15,11705,1,0,0,29,0,7646,50,0,1,0,0,'','Does not show gossip if creature is near'),
(15,11705,2,0,0,29,0,7646,50,0,1,0,0,'','Does not show gossip if creature is near'),
(15,11705,3,0,0,29,0,7646,50,0,1,0,0,'','Does not show gossip if creature is near'),
(15,11705,4,0,0,29,0,7646,50,0,1,0,0,'','Does not show gossip if creature is near'),

(15,11705,0,0,0,29,0,7647,50,0,1,0,0,'','Does not show gossip if creature is near'),
(15,11705,1,0,0,29,0,7647,50,0,1,0,0,'','Does not show gossip if creature is near'),
(15,11705,2,0,0,29,0,7647,50,0,1,0,0,'','Does not show gossip if creature is near'),
(15,11705,3,0,0,29,0,7647,50,0,1,0,0,'','Does not show gossip if creature is near'),
(15,11705,4,0,0,29,0,7647,50,0,1,0,0,'','Does not show gossip if creature is near'),

(15,11705,0,0,0,29,0,7648,50,0,1,0,0,'','Does not show gossip if creature is near'),
(15,11705,1,0,0,29,0,7648,50,0,1,0,0,'','Does not show gossip if creature is near'),
(15,11705,2,0,0,29,0,7648,50,0,1,0,0,'','Does not show gossip if creature is near'),
(15,11705,3,0,0,29,0,7648,50,0,1,0,0,'','Does not show gossip if creature is near'),
(15,11705,4,0,0,29,0,7648,50,0,1,0,0,'','Does not show gossip if creature is near'),

(15,11705,0,0,0,29,0,7649,50,0,1,0,0,'','Does not show gossip if creature is near'),
(15,11705,1,0,0,29,0,7649,50,0,1,0,0,'','Does not show gossip if creature is near'),
(15,11705,2,0,0,29,0,7649,50,0,1,0,0,'','Does not show gossip if creature is near'),
(15,11705,3,0,0,29,0,7649,50,0,1,0,0,'','Does not show gossip if creature is near'),
(15,11705,4,0,0,29,0,7649,50,0,1,0,0,'','Does not show gossip if creature is near'),

(15,11705,0,0,0,29,0,7650,50,0,1,0,0,'','Does not show gossip if creature is near'),
(15,11705,1,0,0,29,0,7650,50,0,1,0,0,'','Does not show gossip if creature is near'),
(15,11705,2,0,0,29,0,7650,50,0,1,0,0,'','Does not show gossip if creature is near'),
(15,11705,3,0,0,29,0,7650,50,0,1,0,0,'','Does not show gossip if creature is near'),
(15,11705,4,0,0,29,0,7650,50,0,1,0,0,'','Does not show gossip if creature is near'),

(15,11705,0,0,0,29,0,7651,50,0,1,0,0,'','Does not show gossip if creature is near'),
(15,11705,1,0,0,29,0,7651,50,0,1,0,0,'','Does not show gossip if creature is near'),
(15,11705,2,0,0,29,0,7651,50,0,1,0,0,'','Does not show gossip if creature is near'),
(15,11705,3,0,0,29,0,7651,50,0,1,0,0,'','Does not show gossip if creature is near'),
(15,11705,4,0,0,29,0,7651,50,0,1,0,0,'','Does not show gossip if creature is near'),

(15,11705,0,0,0,29,0,7652,50,0,1,0,0,'','Does not show gossip if creature is near'),
(15,11705,1,0,0,29,0,7652,50,0,1,0,0,'','Does not show gossip if creature is near'),
(15,11705,2,0,0,29,0,7652,50,0,1,0,0,'','Does not show gossip if creature is near'),
(15,11705,3,0,0,29,0,7652,50,0,1,0,0,'','Does not show gossip if creature is near'),
(15,11705,4,0,0,29,0,7652,50,0,1,0,0,'','Does not show gossip if creature is near'),

(15,11705,0,0,0,29,0,7653,50,0,1,0,0,'','Does not show gossip if creature is near'),
(15,11705,1,0,0,29,0,7653,50,0,1,0,0,'','Does not show gossip if creature is near'),
(15,11705,2,0,0,29,0,7653,50,0,1,0,0,'','Does not show gossip if creature is near'),
(15,11705,3,0,0,29,0,7653,50,0,1,0,0,'','Does not show gossip if creature is near'),
(15,11705,4,0,0,29,0,7653,50,0,1,0,0,'','Does not show gossip if creature is near'),

(15,11705,0,0,0,29,0,7654,50,0,1,0,0,'','Does not show gossip if creature is near'),
(15,11705,1,0,0,29,0,7654,50,0,1,0,0,'','Does not show gossip if creature is near'),
(15,11705,2,0,0,29,0,7654,50,0,1,0,0,'','Does not show gossip if creature is near'),
(15,11705,3,0,0,29,0,7654,50,0,1,0,0,'','Does not show gossip if creature is near'),
(15,11705,4,0,0,29,0,7654,50,0,1,0,0,'','Does not show gossip if creature is near'),

(15,11705,0,0,0,29,0,7655,50,0,1,0,0,'','Does not show gossip if creature is near'),
(15,11705,1,0,0,29,0,7655,50,0,1,0,0,'','Does not show gossip if creature is near'),
(15,11705,2,0,0,29,0,7655,50,0,1,0,0,'','Does not show gossip if creature is near'),
(15,11705,3,0,0,29,0,7655,50,0,1,0,0,'','Does not show gossip if creature is near'),
(15,11705,4,0,0,29,0,7655,50,0,1,0,0,'','Does not show gossip if creature is near'),

(15,11705,0,0,0,29,0,7656,50,0,1,0,0,'','Does not show gossip if creature is near'),
(15,11705,1,0,0,29,0,7656,50,0,1,0,0,'','Does not show gossip if creature is near'),
(15,11705,2,0,0,29,0,7656,50,0,1,0,0,'','Does not show gossip if creature is near'),
(15,11705,3,0,0,29,0,7656,50,0,1,0,0,'','Does not show gossip if creature is near'),
(15,11705,4,0,0,29,0,7656,50,0,1,0,0,'','Does not show gossip if creature is near'),

(15,11705,0,0,0,29,0,7657,50,0,1,0,0,'','Does not show gossip if creature is near'),
(15,11705,1,0,0,29,0,7657,50,0,1,0,0,'','Does not show gossip if creature is near'),
(15,11705,2,0,0,29,0,7657,50,0,1,0,0,'','Does not show gossip if creature is near'),
(15,11705,3,0,0,29,0,7657,50,0,1,0,0,'','Does not show gossip if creature is near'),
(15,11705,4,0,0,29,0,7657,50,0,1,0,0,'','Does not show gossip if creature is near'),

(15,11705,0,0,0,29,0,7658,50,0,1,0,0,'','Does not show gossip if creature is near'),
(15,11705,1,0,0,29,0,7658,50,0,1,0,0,'','Does not show gossip if creature is near'),
(15,11705,2,0,0,29,0,7658,50,0,1,0,0,'','Does not show gossip if creature is near'),
(15,11705,3,0,0,29,0,7658,50,0,1,0,0,'','Does not show gossip if creature is near'),
(15,11705,4,0,0,29,0,7658,50,0,1,0,0,'','Does not show gossip if creature is near'),

(15,11705,0,0,0,29,0,7659,50,0,1,0,0,'','Does not show gossip if creature is near'),
(15,11705,1,0,0,29,0,7659,50,0,1,0,0,'','Does not show gossip if creature is near'),
(15,11705,2,0,0,29,0,7659,50,0,1,0,0,'','Does not show gossip if creature is near'),
(15,11705,3,0,0,29,0,7659,50,0,1,0,0,'','Does not show gossip if creature is near'),
(15,11705,4,0,0,29,0,7659,50,0,1,0,0,'','Does not show gossip if creature is near'),

(15,11705,0,0,0,29,0,7660,50,0,1,0,0,'','Does not show gossip if creature is near'),
(15,11705,1,0,0,29,0,7660,50,0,1,0,0,'','Does not show gossip if creature is near'),
(15,11705,2,0,0,29,0,7660,50,0,1,0,0,'','Does not show gossip if creature is near'),
(15,11705,3,0,0,29,0,7660,50,0,1,0,0,'','Does not show gossip if creature is near'),
(15,11705,4,0,0,29,0,7660,50,0,1,0,0,'','Does not show gossip if creature is near'),

(15,11705,0,0,0,29,0,7661,50,0,1,0,0,'','Does not show gossip if creature is near'),
(15,11705,1,0,0,29,0,7661,50,0,1,0,0,'','Does not show gossip if creature is near'),
(15,11705,2,0,0,29,0,7661,50,0,1,0,0,'','Does not show gossip if creature is near'),
(15,11705,3,0,0,29,0,7661,50,0,1,0,0,'','Does not show gossip if creature is near'),
(15,11705,4,0,0,29,0,7661,50,0,1,0,0,'','Does not show gossip if creature is near'),

(15,11705,0,0,0,29,0,7662,50,0,1,0,0,'','Does not show gossip if creature is near'),
(15,11705,1,0,0,29,0,7662,50,0,1,0,0,'','Does not show gossip if creature is near'),
(15,11705,2,0,0,29,0,7662,50,0,1,0,0,'','Does not show gossip if creature is near'),
(15,11705,3,0,0,29,0,7662,50,0,1,0,0,'','Does not show gossip if creature is near'),
(15,11705,4,0,0,29,0,7662,50,0,1,0,0,'','Does not show gossip if creature is near'),
-- sai
(22,1,43217,0,0,29,0,7993,50,0,0,0,0,'','SAI doesnt work if creature is not near'),
(22,2,43217,0,0,29,0,7993,50,0,0,0,0,'','SAI doesnt work if creature is not near'),
(22,3,43217,0,0,29,0,7993,50,0,0,0,0,'','SAI doesnt work if creature is not near'),
(22,4,43217,0,0,29,0,7993,50,0,0,0,0,'','SAI doesnt work if creature is not near'),
(22,5,43217,0,0,29,0,7994,50,0,0,0,0,'','SAI doesnt work if creature is not near'),
(22,6,43217,0,0,29,0,7994,50,0,0,0,0,'','SAI doesnt work if creature is not near'),
(22,7,43217,0,0,29,0,7994,50,0,0,0,0,'','SAI doesnt work if creature is not near'),
(22,8,43217,0,0,29,0,7994,50,0,0,0,0,'','SAI doesnt work if creature is not near'),
(22,9,43217,0,0,29,0,7992,50,0,0,0,0,'','SAI doesnt work if creature is not near'),
(22,10,43217,0,0,29,0,7992,50,0,0,0,0,'','SAI doesnt work if creature is not near'),
(22,11,43217,0,0,29,0,7992,50,0,0,0,0,'','SAI doesnt work if creature is not near'),
(22,12,43217,0,0,29,0,7992,50,0,0,0,0,'','SAI doesnt work if creature is not near'),
(22,13,43217,0,0,29,0,7991,50,0,0,0,0,'','SAI doesnt work if creature is not near'),
(22,14,43217,0,0,29,0,7991,50,0,0,0,0,'','SAI doesnt work if creature is not near'),
(22,15,43217,0,0,29,0,7991,50,0,0,0,0,'','SAI doesnt work if creature is not near'),
(22,16,43217,0,0,29,0,7991,50,0,0,0,0,'','SAI doesnt work if creature is not near'),
(22,17,43217,0,0,29,0,7990,50,0,0,0,0,'','SAI doesnt work if creature is not near'),
(22,18,43217,0,0,29,0,7990,50,0,0,0,0,'','SAI doesnt work if creature is not near'),
(22,19,43217,0,0,29,0,7990,50,0,0,0,0,'','SAI doesnt work if creature is not near'),
(22,20,43217,0,0,29,0,7990,50,0,0,0,0,'','SAI doesnt work if creature is not near');

-- sai
DELETE FROM `smart_scripts` WHERE `entryorguid` IN (52585, 43217, 7644, 7645, 7646, 7647, 7648, 7649, 7650, 7651, 7652, 7653, 7654, 7654, 7655, 7656, 7657, 7658, 7659, 7660, 7661, 7662);
INSERT INTO `smart_scripts` (`entryorguid`, `source_type`, `id`, `link`, `event_type`, `event_chance`, `event_flags`, `event_param1`, `event_param2`, `event_param3`, `event_param4`, `action_type`, `action_param1`, `action_param2`, `action_param3`, `action_param4`, `action_param5`, `action_param6`, `target_type`,`target_param1`,`target_param2`, `target_x`, `target_y`, `target_z`, `target_o`, `comment`) VALUES 
-- Rocket-Jockey
(43217, 0, 0, 20, 62, 100, 0, 11705, 0, 0, 0, 12, 7646, 1, 1200000, 0, 0, 0, 11, 7993, 30, 0, 0, 0, 0, 'Northern Terminus - on gossip select spawn rocket'),
(43217, 0, 1, 20, 62, 100, 0, 11705, 1, 0, 0, 12, 7644, 1, 1200000, 0, 0, 0, 11, 7993, 30, 0, 0, 0, 0, 'Northern Terminus - on gossip select spawn rocket'),
(43217, 0, 2, 20, 62, 100, 0, 11705, 2, 0, 0, 12, 52585, 1, 1200000, 0, 0, 0, 11, 7993, 30, 0, 0, 0, 0, 'Northern Terminus - on gossip select spawn rocket'),
(43217, 0, 3, 20, 62, 100, 0, 11705, 4, 0, 0, 12, 7645, 1, 1200000, 0, 0, 0, 11, 7993, 30, 0, 0, 0, 0, 'Northern Terminus - on gossip select spawn rocket'),
(43217, 0, 4, 20, 62, 100, 0, 11705, 0, 0, 0, 12, 7658, 1, 1200000, 0, 0, 0, 11, 7994, 30, 0, 0, 0, 0, 'Northern Exchange - on gossip select spawn rocket'),
(43217, 0, 5, 20, 62, 100, 0, 11705, 1, 0, 0, 12, 7656, 1, 1200000, 0, 0, 0, 11, 7994, 30, 0, 0, 0, 0, 'Northern Exchange - on gossip select spawn rocket'),
(43217, 0, 6, 20, 62, 100, 0, 11705, 3, 0, 0, 12, 7655, 1, 1200000, 0, 0, 0, 11, 7994, 30, 0, 0, 0, 0, 'Northern Exchange - on gossip select spawn rocket'),
(43217, 0, 7, 20, 62, 100, 0, 11705, 4, 0, 0, 12, 7657, 1, 1200000, 0, 0, 0, 11, 7994, 30, 0, 0, 0, 0, 'Northern Exchange - on gossip select spawn rocket'),
(43217, 0, 8, 20, 62, 100, 0, 11705, 0, 0, 0, 12, 7660, 1, 1200000, 0, 0, 0, 11, 7992, 30, 0, 0, 0, 0, 'Gallywix Exchange - on gossip select spawn rocket'),
(43217, 0, 9, 20, 62, 100, 0, 11705, 2, 0, 0, 12, 7661, 1, 1200000, 0, 0, 0, 11, 7992, 30, 0, 0, 0, 0, 'Gallywix Exchange - on gossip select spawn rocket'),
(43217, 0, 10, 20, 62, 100, 0, 11705, 3, 0, 0, 12, 7662, 1, 1200000, 0, 0, 0, 11, 7992, 30, 0, 0, 0, 0, 'Gallywix Exchange - on gossip select spawn rocket'),
(43217, 0, 11, 20, 62, 100, 0, 11705, 4, 0, 0, 12, 7659, 1, 1200000, 0, 0, 0, 11, 7992, 30, 0, 0, 0, 0, 'Gallywix Exchange - on gossip select spawn rocket'),
(43217, 0, 12, 20, 62, 100, 0, 11705, 0, 0, 0, 12, 7651, 1, 1200000, 0, 0, 0, 11, 7991, 30, 0, 0, 0, 0, 'Orgrimmar Exchange - on gossip select spawn rocket'),
(43217, 0, 13, 20, 62, 100, 0, 11705, 1, 0, 0, 12, 7652, 1, 1200000, 0, 0, 0, 11, 7991, 30, 0, 0, 0, 0, 'Orgrimmar Exchange - on gossip select spawn rocket'),
(43217, 0, 14, 20, 62, 100, 0, 11705, 2, 0, 0, 12, 7653, 1, 1200000, 0, 0, 0, 11, 7991, 30, 0, 0, 0, 0, 'Orgrimmar Exchange - on gossip select spawn rocket'),
(43217, 0, 15, 20, 62, 100, 0, 11705, 3, 0, 0, 12, 7654, 1, 1200000, 0, 0, 0, 11, 7991, 30, 0, 0, 0, 0, 'Orgrimmar Exchange - on gossip select spawn rocket'),
(43217, 0, 16, 20, 62, 100, 0, 11705, 1, 0, 0, 12, 7648, 1, 1200000, 0, 0, 0, 11, 7990, 30, 0, 0, 0, 0, 'Southern Terminus - on gossip select spawn rocket'),
(43217, 0, 17, 20, 62, 100, 0, 11705, 2, 0, 0, 12, 7649, 1, 1200000, 0, 0, 0, 11, 7990, 30, 0, 0, 0, 0, 'Southern Terminus - on gossip select spawn rocket'),
(43217, 0, 18, 20, 62, 100, 0, 11705, 3, 0, 0, 12, 7650, 1, 1200000, 0, 0, 0, 11, 7990, 30, 0, 0, 0, 0, 'Southern Terminus - on gossip select spawn rocket'),
(43217, 0, 19, 20, 62, 100, 0, 11705, 4, 0, 0, 12, 7647, 1, 1200000, 0, 0, 0, 11, 7990, 30, 0, 0, 0, 0, 'Southern Terminus - on gossip select spawn rocket'),
(43217, 0, 20, 0, 61, 100, 0, 0, 0, 0, 0, 72, 0, 0, 0, 0, 0, 0, 0, 0, 0, 0, 0, 0, 0, 'Linked with previous event - close gossip'),
-- Rocket
(52585, 0, 0, 0, 27, 100, 1, 1, 1, 0, 0, 53, 1, 52585, 0, 0, 1200000, 0, 1, 0, 0, 0, 0, 0, 0, 'wp start'),
(52585, 0, 1, 0, 40, 100, 1, 39, 0, 0, 0, 11, 110261, 3, 0, 0, 0, 0, 1, 0, 0, 0, 0, 0, 0, 'on wp reached cast explosion'),
(52585, 0, 2, 0, 40, 100, 1, 39, 0, 0, 0, 11, 98915, 3, 0, 0, 0, 0, 18, 30, 0, 0, 0, 0, 0, 'on wp reached cast achievement credit player'),
(52585, 0, 3, 0, 40, 100, 1, 39, 0, 0, 0, 15, 29146, 0, 0, 0, 0, 0, 18, 30, 0, 0, 0, 0, 0, 'on wp reached give questcredit'),
(52585, 0, 4, 0, 40, 100, 1, 39, 0, 0, 0, 54, 10000, 0, 0, 0, 0, 0, 1, 0, 0, 0, 0, 0, 0, 'on wp reached wp pause'),
(52585, 0, 5, 6, 40, 100, 1, 39, 0, 0, 0, 28, 62309, 0, 0, 0, 0, 0, 1, 0, 0, 0, 0, 0, 0, 'on wp reached remove ride aura'),
(52585, 0, 6, 0, 61, 100, 1, 0, 0, 0, 0, 41, 400, 0, 0, 0, 0, 0, 1, 0, 0, 0, 0, 0, 0, 'Linked - despawn - self'),

(7644, 0, 0, 0, 27, 100, 1, 1, 1, 0, 0, 53, 1, 7644, 0, 0, 1200000, 0, 1, 0, 0, 0, 0, 0, 0, 'wp start'),
(7644, 0, 1, 0, 40, 100, 1, 77, 0, 0, 0, 11, 110261, 3, 0, 0, 0, 0, 1, 0, 0, 0, 0, 0, 0, 'on wp reached cast explosion'),
(7644, 0, 2, 0, 40, 100, 1, 77, 0, 0, 0, 11, 98915, 3, 0, 0, 0, 0, 18, 30, 0, 0, 0, 0, 0, 'on wp reached cast achievement credit player'),
(7644, 0, 3, 0, 40, 100, 1, 77, 0, 0, 0, 15, 29146, 0, 0, 0, 0, 0, 18, 30, 0, 0, 0, 0, 0, 'on wp reached give questcredit'),
(7644, 0, 4, 0, 40, 100, 1, 77, 0, 0, 0, 54, 10000, 0, 0, 0, 0, 0, 1, 0, 0, 0, 0, 0, 0, 'on wp reached wp pause'),
(7644, 0, 5, 6, 40, 100, 1, 77, 0, 0, 0, 28, 62309, 0, 0, 0, 0, 0, 1, 0, 0, 0, 0, 0, 0, 'on wp reached remove ride aura'),
(7644, 0, 6, 0, 61, 100, 1, 0, 0, 0, 0, 41, 400, 0, 0, 0, 0, 0, 1, 0, 0, 0, 0, 0, 0, 'Linked - despawn - self'),

(7645, 0, 0, 0, 27, 100, 1, 1, 1, 0, 0, 53, 1, 7645, 0, 0, 1200000, 0, 1, 0, 0, 0, 0, 0, 0, 'wp start'),
(7645, 0, 1, 0, 40, 100, 1, 94, 0, 0, 0, 11, 110261, 3, 0, 0, 0, 0, 1, 0, 0, 0, 0, 0, 0, 'on wp reached cast explosion'),
(7645, 0, 2, 0, 40, 100, 1, 94, 0, 0, 0, 11, 98915, 3, 0, 0, 0, 0, 18, 30, 0, 0, 0, 0, 0, 'on wp reached cast achievement credit player'),
(7645, 0, 3, 0, 40, 100, 1, 94, 0, 0, 0, 15, 29146, 0, 0, 0, 0, 0, 18, 30, 0, 0, 0, 0, 0, 'on wp reached give questcredit'),
(7645, 0, 4, 0, 40, 100, 1, 94, 0, 0, 0, 54, 10000, 0, 0, 0, 0, 0, 1, 0, 0, 0, 0, 0, 0, 'on wp reached wp pause'),
(7645, 0, 5, 6, 40, 100, 1, 94, 0, 0, 0, 28, 62309, 0, 0, 0, 0, 0, 1, 0, 0, 0, 0, 0, 0, 'on wp reached remove ride aura'),
(7645, 0, 6, 0, 61, 100, 1, 0, 0, 0, 0, 41, 400, 0, 0, 0, 0, 0, 1, 0, 0, 0, 0, 0, 0, 'Linked - despawn - self'),

(7646, 0, 0, 0, 27, 100, 1, 1, 1, 0, 0, 53, 1, 7646, 0, 0, 1200000, 0, 1, 0, 0, 0, 0, 0, 0, 'wp start'),
(7646, 0, 1, 0, 40, 100, 1, 131, 0, 0, 0, 11, 110261, 3, 0, 0, 0, 0, 1, 0, 0, 0, 0, 0, 0, 'on wp reached cast explosion'),
(7646, 0, 2, 0, 40, 100, 1, 131, 0, 0, 0, 11, 98915, 3, 0, 0, 0, 0, 18, 30, 0, 0, 0, 0, 0, 'on wp reached cast achievement credit player'),
(7646, 0, 3, 0, 40, 100, 1, 131, 0, 0, 0, 15, 29146, 0, 0, 0, 0, 0, 18, 30, 0, 0, 0, 0, 0, 'on wp reached give questcredit'),
(7646, 0, 4, 0, 40, 100, 1, 131, 0, 0, 0, 54, 10000, 0, 0, 0, 0, 0, 1, 0, 0, 0, 0, 0, 0, 'on wp reached wp pause'),
(7646, 0, 5, 6, 40, 100, 1, 131, 0, 0, 0, 28, 62309, 0, 0, 0, 0, 0, 1, 0, 0, 0, 0, 0, 0, 'on wp reached remove ride aura'),
(7646, 0, 6, 0, 61, 100, 1, 0, 0, 0, 0, 41, 400, 0, 0, 0, 0, 0, 1, 0, 0, 0, 0, 0, 0, 'Linked - despawn - self'),

(7647, 0, 0, 0, 27, 100, 1, 1, 1, 0, 0, 53, 1, 7647, 0, 0, 1200000, 0, 1, 0, 0, 0, 0, 0, 0, 'wp start'),
(7647, 0, 1, 0, 40, 100, 1, 34, 0, 0, 0, 11, 110261, 3, 0, 0, 0, 0, 1, 0, 0, 0, 0, 0, 0, 'on wp reached cast explosion'),
(7647, 0, 2, 0, 40, 100, 1, 34, 0, 0, 0, 11, 98915, 3, 0, 0, 0, 0, 18, 30, 0, 0, 0, 0, 0, 'on wp reached cast achievement credit player'),
(7647, 0, 3, 0, 40, 100, 1, 34, 0, 0, 0, 15, 29146, 0, 0, 0, 0, 0, 18, 30, 0, 0, 0, 0, 0, 'on wp reached give questcredit'),
(7647, 0, 4, 0, 40, 100, 1, 34, 0, 0, 0, 54, 10000, 0, 0, 0, 0, 0, 1, 0, 0, 0, 0, 0, 0, 'on wp reached wp pause'),
(7647, 0, 5, 6, 40, 100, 1, 34, 0, 0, 0, 28, 62309, 0, 0, 0, 0, 0, 1, 0, 0, 0, 0, 0, 0, 'on wp reached remove ride aura'),
(7647, 0, 6, 0, 61, 100, 1, 0, 0, 0, 0, 41, 400, 0, 0, 0, 0, 0, 1, 0, 0, 0, 0, 0, 0, 'Linked - despawn - self'),

(7648, 0, 0, 0, 27, 100, 1, 1, 1, 0, 0, 53, 1, 7648, 0, 0, 1200000, 0, 1, 0, 0, 0, 0, 0, 0, 'wp start'),
(7648, 0, 1, 0, 40, 100, 1, 49, 0, 0, 0, 11, 110261, 3, 0, 0, 0, 0, 1, 0, 0, 0, 0, 0, 0, 'on wp reached cast explosion'),
(7648, 0, 2, 0, 40, 100, 1, 49, 0, 0, 0, 11, 98915, 3, 0, 0, 0, 0, 18, 30, 0, 0, 0, 0, 0, 'on wp reached cast achievement credit player'),
(7648, 0, 3, 0, 40, 100, 1, 49, 0, 0, 0, 15, 29146, 0, 0, 0, 0, 0, 18, 30, 0, 0, 0, 0, 0, 'on wp reached give questcredit'),
(7648, 0, 4, 0, 40, 100, 1, 49, 0, 0, 0, 54, 10000, 0, 0, 0, 0, 0, 1, 0, 0, 0, 0, 0, 0, 'on wp reached wp pause'),
(7648, 0, 5, 6, 40, 100, 1, 49, 0, 0, 0, 28, 62309, 0, 0, 0, 0, 0, 1, 0, 0, 0, 0, 0, 0, 'on wp reached remove ride aura'),
(7648, 0, 6, 0, 61, 100, 1, 0, 0, 0, 0, 41, 400, 0, 0, 0, 0, 0, 1, 0, 0, 0, 0, 0, 0, 'Linked - despawn - self'),

(7649, 0, 0, 0, 27, 100, 1, 1, 1, 0, 0, 53, 1, 7649, 0, 0, 1200000, 0, 1, 0, 0, 0, 0, 0, 0, 'wp start'),
(7649, 0, 1, 0, 40, 100, 1, 82, 0, 0, 0, 11, 110261, 3, 0, 0, 0, 0, 1, 0, 0, 0, 0, 0, 0, 'on wp reached cast explosion'),
(7649, 0, 2, 0, 40, 100, 1, 82, 0, 0, 0, 11, 98915, 3, 0, 0, 0, 0, 18, 30, 0, 0, 0, 0, 0, 'on wp reached cast achievement credit player'),
(7649, 0, 3, 0, 40, 100, 1, 82, 0, 0, 0, 15, 29146, 0, 0, 0, 0, 0, 18, 30, 0, 0, 0, 0, 0, 'on wp reached give questcredit'),
(7649, 0, 4, 0, 40, 100, 1, 82, 0, 0, 0, 54, 10000, 0, 0, 0, 0, 0, 1, 0, 0, 0, 0, 0, 0, 'on wp reached wp pause'),
(7649, 0, 5, 6, 40, 100, 1, 82, 0, 0, 0, 28, 62309, 0, 0, 0, 0, 0, 1, 0, 0, 0, 0, 0, 0, 'on wp reached remove ride aura'),
(7649, 0, 6, 0, 61, 100, 1, 0, 0, 0, 0, 41, 400, 0, 0, 0, 0, 0, 1, 0, 0, 0, 0, 0, 0, 'Linked - despawn - self'),

(7650, 0, 0, 0, 27, 100, 1, 1, 1, 0, 0, 53, 1, 7650, 0, 0, 1200000, 0, 1, 0, 0, 0, 0, 0, 0, 'wp start'),
(7650, 0, 1, 0, 40, 100, 1, 115, 0, 0, 0, 11, 110261, 3, 0, 0, 0, 0, 1, 0, 0, 0, 0, 0, 0, 'on wp reached cast explosion'),
(7650, 0, 2, 0, 40, 100, 1, 115, 0, 0, 0, 11, 98915, 3, 0, 0, 0, 0, 18, 30, 0, 0, 0, 0, 0, 'on wp reached cast achievement credit player'),
(7650, 0, 3, 0, 40, 100, 1, 115, 0, 0, 0, 15, 29146, 0, 0, 0, 0, 0, 18, 30, 0, 0, 0, 0, 0, 'on wp reached give questcredit'),
(7650, 0, 4, 0, 40, 100, 1, 115, 0, 0, 0, 54, 10000, 0, 0, 0, 0, 0, 1, 0, 0, 0, 0, 0, 0, 'on wp reached wp pause'),
(7650, 0, 5, 6, 40, 100, 1, 115, 0, 0, 0, 28, 62309, 0, 0, 0, 0, 0, 1, 0, 0, 0, 0, 0, 0, 'on wp reached remove ride aura'),
(7650, 0, 6, 0, 61, 100, 1, 0, 0, 0, 0, 41, 400, 0, 0, 0, 0, 0, 1, 0, 0, 0, 0, 0, 0, 'Linked - despawn - self'),

(7651, 0, 0, 0, 27, 100, 1, 1, 1, 0, 0, 53, 1, 7651, 0, 0, 1200000, 0, 1, 0, 0, 0, 0, 0, 0, 'wp start'),
(7651, 0, 1, 0, 40, 100, 1, 31, 0, 0, 0, 11, 110261, 3, 0, 0, 0, 0, 1, 0, 0, 0, 0, 0, 0, 'on wp reached cast explosion'),
(7651, 0, 2, 0, 40, 100, 1, 31, 0, 0, 0, 11, 98915, 3, 0, 0, 0, 0, 18, 30, 0, 0, 0, 0, 0, 'on wp reached cast achievement credit player'),
(7651, 0, 3, 0, 40, 100, 1, 31, 0, 0, 0, 15, 29146, 0, 0, 0, 0, 0, 18, 30, 0, 0, 0, 0, 0, 'on wp reached give questcredit'),
(7651, 0, 4, 0, 40, 100, 1, 31, 0, 0, 0, 54, 10000, 0, 0, 0, 0, 0, 1, 0, 0, 0, 0, 0, 0, 'on wp reached wp pause'),
(7651, 0, 5, 6, 40, 100, 1, 31, 0, 0, 0, 28, 62309, 0, 0, 0, 0, 0, 1, 0, 0, 0, 0, 0, 0, 'on wp reached remove ride aura'),
(7651, 0, 6, 0, 61, 100, 1, 0, 0, 0, 0, 41, 400, 0, 0, 0, 0, 0, 1, 0, 0, 0, 0, 0, 0, 'Linked - despawn - self'),

(7652, 0, 0, 0, 27, 100, 1, 1, 1, 0, 0, 53, 1, 7652, 0, 0, 1200000, 0, 1, 0, 0, 0, 0, 0, 0, 'wp start'),
(7652, 0, 1, 0, 40, 100, 1, 17, 0, 0, 0, 11, 110261, 3, 0, 0, 0, 0, 1, 0, 0, 0, 0, 0, 0, 'on wp reached cast explosion'),
(7652, 0, 2, 0, 40, 100, 1, 17, 0, 0, 0, 11, 98915, 3, 0, 0, 0, 0, 18, 30, 0, 0, 0, 0, 0, 'on wp reached cast achievement credit player'),
(7652, 0, 3, 0, 40, 100, 1, 17, 0, 0, 0, 15, 29146, 0, 0, 0, 0, 0, 18, 30, 0, 0, 0, 0, 0, 'on wp reached give questcredit'),
(7652, 0, 4, 0, 40, 100, 1, 17, 0, 0, 0, 54, 10000, 0, 0, 0, 0, 0, 1, 0, 0, 0, 0, 0, 0, 'on wp reached wp pause'),
(7652, 0, 5, 6, 40, 100, 1, 17, 0, 0, 0, 28, 62309, 0, 0, 0, 0, 0, 1, 0, 0, 0, 0, 0, 0, 'on wp reached remove ride aura'),
(7652, 0, 6, 0, 61, 100, 1, 0, 0, 0, 0, 41, 400, 0, 0, 0, 0, 0, 1, 0, 0, 0, 0, 0, 0, 'Linked - despawn - self'),

(7653, 0, 0, 0, 27, 100, 1, 1, 1, 0, 0, 53, 1, 7653, 0, 0, 1200000, 0, 1, 0, 0, 0, 0, 0, 0, 'wp start'),
(7653, 0, 1, 0, 40, 100, 1, 54, 0, 0, 0, 11, 110261, 3, 0, 0, 0, 0, 1, 0, 0, 0, 0, 0, 0, 'on wp reached cast explosion'),
(7653, 0, 2, 0, 40, 100, 1, 54, 0, 0, 0, 11, 98915, 3, 0, 0, 0, 0, 18, 30, 0, 0, 0, 0, 0, 'on wp reached cast achievement credit player'),
(7653, 0, 3, 0, 40, 100, 1, 54, 0, 0, 0, 15, 29146, 0, 0, 0, 0, 0, 18, 30, 0, 0, 0, 0, 0, 'on wp reached give questcredit'),
(7653, 0, 4, 0, 40, 100, 1, 54, 0, 0, 0, 54, 10000, 0, 0, 0, 0, 0, 1, 0, 0, 0, 0, 0, 0, 'on wp reached wp pause'),
(7653, 0, 5, 6, 40, 100, 1, 54, 0, 0, 0, 28, 62309, 0, 0, 0, 0, 0, 1, 0, 0, 0, 0, 0, 0, 'on wp reached remove ride aura'),
(7653, 0, 6, 0, 61, 100, 1, 0, 0, 0, 0, 41, 400, 0, 0, 0, 0, 0, 1, 0, 0, 0, 0, 0, 0, 'Linked - despawn - self'),

(7654, 0, 0, 0, 27, 100, 1, 1, 1, 0, 0, 53, 1, 7654, 0, 0, 1200000, 0, 1, 0, 0, 0, 0, 0, 0, 'wp start'),
(7654, 0, 1, 0, 40, 100, 1, 99, 0, 0, 0, 11, 110261, 3, 0, 0, 0, 0, 1, 0, 0, 0, 0, 0, 0, 'on wp reached cast explosion'),
(7654, 0, 2, 0, 40, 100, 1, 99, 0, 0, 0, 11, 98915, 3, 0, 0, 0, 0, 18, 30, 0, 0, 0, 0, 0, 'on wp reached cast achievement credit player'),
(7654, 0, 3, 0, 40, 100, 1, 99, 0, 0, 0, 15, 29146, 0, 0, 0, 0, 0, 18, 30, 0, 0, 0, 0, 0, 'on wp reached give questcredit'),
(7654, 0, 4, 0, 40, 100, 1, 99, 0, 0, 0, 54, 10000, 0, 0, 0, 0, 0, 1, 0, 0, 0, 0, 0, 0, 'on wp reached wp pause'),
(7654, 0, 5, 6, 40, 100, 1, 99, 0, 0, 0, 28, 62309, 0, 0, 0, 0, 0, 1, 0, 0, 0, 0, 0, 0, 'on wp reached remove ride aura'),
(7654, 0, 6, 0, 61, 100, 1, 0, 0, 0, 0, 41, 400, 0, 0, 0, 0, 0, 1, 0, 0, 0, 0, 0, 0, 'Linked - despawn - self'),

(7655, 0, 0, 0, 27, 100, 1, 1, 1, 0, 0, 53, 1, 7655, 0, 0, 1200000, 0, 1, 0, 0, 0, 0, 0, 0, 'wp start'),
(7655, 0, 1, 0, 40, 100, 1, 33, 0, 0, 0, 11, 110261, 3, 0, 0, 0, 0, 1, 0, 0, 0, 0, 0, 0, 'on wp reached cast explosion'),
(7655, 0, 2, 0, 40, 100, 1, 33, 0, 0, 0, 11, 98915, 3, 0, 0, 0, 0, 18, 30, 0, 0, 0, 0, 0, 'on wp reached cast achievement credit player'),
(7655, 0, 3, 0, 40, 100, 1, 33, 0, 0, 0, 15, 29146, 0, 0, 0, 0, 0, 18, 30, 0, 0, 0, 0, 0, 'on wp reached give questcredit'),
(7655, 0, 4, 0, 40, 100, 1, 33, 0, 0, 0, 54, 10000, 0, 0, 0, 0, 0, 1, 0, 0, 0, 0, 0, 0, 'on wp reached wp pause'),
(7655, 0, 5, 6, 40, 100, 1, 33, 0, 0, 0, 28, 62309, 0, 0, 0, 0, 0, 1, 0, 0, 0, 0, 0, 0, 'on wp reached remove ride aura'),
(7655, 0, 6, 0, 61, 100, 1, 0, 0, 0, 0, 41, 400, 0, 0, 0, 0, 0, 1, 0, 0, 0, 0, 0, 0, 'Linked - despawn - self'),

(7656, 0, 0, 0, 27, 100, 1, 1, 1, 0, 0, 53, 1, 7656, 0, 0, 1200000, 0, 1, 0, 0, 0, 0, 0, 0, 'wp start'),
(7656, 0, 1, 0, 40, 100, 1, 41, 0, 0, 0, 11, 110261, 3, 0, 0, 0, 0, 1, 0, 0, 0, 0, 0, 0, 'on wp reached cast explosion'),
(7656, 0, 2, 0, 40, 100, 1, 41, 0, 0, 0, 11, 98915, 3, 0, 0, 0, 0, 18, 30, 0, 0, 0, 0, 0, 'on wp reached cast achievement credit player'),
(7656, 0, 3, 0, 40, 100, 1, 41, 0, 0, 0, 15, 29146, 0, 0, 0, 0, 0, 18, 30, 0, 0, 0, 0, 0, 'on wp reached give questcredit'),
(7656, 0, 4, 0, 40, 100, 1, 41, 0, 0, 0, 54, 10000, 0, 0, 0, 0, 0, 1, 0, 0, 0, 0, 0, 0, 'on wp reached wp pause'),
(7656, 0, 5, 6, 40, 100, 1, 41, 0, 0, 0, 28, 62309, 0, 0, 0, 0, 0, 1, 0, 0, 0, 0, 0, 0, 'on wp reached remove ride aura'),
(7656, 0, 6, 0, 61, 100, 1, 0, 0, 0, 0, 41, 400, 0, 0, 0, 0, 0, 1, 0, 0, 0, 0, 0, 0, 'Linked - despawn - self'),

(7657, 0, 0, 0, 27, 100, 1, 1, 1, 0, 0, 53, 1, 7657, 0, 0, 1200000, 0, 1, 0, 0, 0, 0, 0, 0, 'wp start'),
(7657, 0, 1, 0, 40, 100, 1, 57, 0, 0, 0, 11, 110261, 3, 0, 0, 0, 0, 1, 0, 0, 0, 0, 0, 0, 'on wp reached cast explosion'),
(7657, 0, 2, 0, 40, 100, 1, 57, 0, 0, 0, 11, 98915, 3, 0, 0, 0, 0, 18, 30, 0, 0, 0, 0, 0, 'on wp reached cast achievement credit player'),
(7657, 0, 3, 0, 40, 100, 1, 57, 0, 0, 0, 15, 29146, 0, 0, 0, 0, 0, 18, 30, 0, 0, 0, 0, 0, 'on wp reached give questcredit'),
(7657, 0, 4, 0, 40, 100, 1, 57, 0, 0, 0, 54, 10000, 0, 0, 0, 0, 0, 1, 0, 0, 0, 0, 0, 0, 'on wp reached wp pause'),
(7657, 0, 5, 6, 40, 100, 1, 57, 0, 0, 0, 28, 62309, 0, 0, 0, 0, 0, 1, 0, 0, 0, 0, 0, 0, 'on wp reached remove ride aura'),
(7657, 0, 6, 0, 61, 100, 1, 0, 0, 0, 0, 41, 400, 0, 0, 0, 0, 0, 1, 0, 0, 0, 0, 0, 0, 'Linked - despawn - self'),

(7658, 0, 0, 0, 27, 100, 1, 1, 1, 0, 0, 53, 1, 7658, 0, 0, 1200000, 0, 1, 0, 0, 0, 0, 0, 0, 'wp start'),
(7658, 0, 1, 0, 40, 100, 1, 95, 0, 0, 0, 11, 110261, 3, 0, 0, 0, 0, 1, 0, 0, 0, 0, 0, 0, 'on wp reached cast explosion'),
(7658, 0, 2, 0, 40, 100, 1, 95, 0, 0, 0, 11, 98915, 3, 0, 0, 0, 0, 18, 30, 0, 0, 0, 0, 0, 'on wp reached cast achievement credit player'),
(7658, 0, 3, 0, 40, 100, 1, 95, 0, 0, 0, 15, 29146, 0, 0, 0, 0, 0, 18, 30, 0, 0, 0, 0, 0, 'on wp reached give questcredit'),
(7658, 0, 4, 0, 40, 100, 1, 95, 0, 0, 0, 54, 10000, 0, 0, 0, 0, 0, 1, 0, 0, 0, 0, 0, 0, 'on wp reached wp pause'),
(7658, 0, 5, 6, 40, 100, 1, 95, 0, 0, 0, 28, 62309, 0, 0, 0, 0, 0, 1, 0, 0, 0, 0, 0, 0, 'on wp reached remove ride aura'),
(7658, 0, 6, 0, 61, 100, 1, 0, 0, 0, 0, 41, 400, 0, 0, 0, 0, 0, 1, 0, 0, 0, 0, 0, 0, 'Linked - despawn - self'),

(7659, 0, 0, 0, 27, 100, 1, 1, 1, 0, 0, 53, 1, 7659, 0, 0, 1200000, 0, 1, 0, 0, 0, 0, 0, 0, 'wp start'),
(7659, 0, 1, 0, 40, 100, 1, 17, 0, 0, 0, 11, 110261, 3, 0, 0, 0, 0, 1, 0, 0, 0, 0, 0, 0, 'on wp reached cast explosion'),
(7659, 0, 2, 0, 40, 100, 1, 17, 0, 0, 0, 11, 98915, 3, 0, 0, 0, 0, 18, 30, 0, 0, 0, 0, 0, 'on wp reached cast achievement credit player'),
(7659, 0, 3, 0, 40, 100, 1, 17, 0, 0, 0, 15, 29146, 0, 0, 0, 0, 0, 18, 30, 0, 0, 0, 0, 0, 'on wp reached give questcredit'),
(7659, 0, 4, 0, 40, 100, 1, 17, 0, 0, 0, 54, 10000, 0, 0, 0, 0, 0, 1, 0, 0, 0, 0, 0, 0, 'on wp reached wp pause'),
(7659, 0, 5, 6, 40, 100, 1, 17, 0, 0, 0, 28, 62309, 0, 0, 0, 0, 0, 1, 0, 0, 0, 0, 0, 0, 'on wp reached remove ride aura'),
(7659, 0, 6, 0, 61, 100, 1, 0, 0, 0, 0, 41, 400, 0, 0, 0, 0, 0, 1, 0, 0, 0, 0, 0, 0, 'Linked - despawn - self'),

(7660, 0, 0, 0, 27, 100, 1, 1, 1, 0, 0, 53, 1, 7660, 0, 0, 1200000, 0, 1, 0, 0, 0, 0, 0, 0, 'wp start'),
(7660, 0, 1, 0, 40, 100, 1, 53, 0, 0, 0, 11, 110261, 3, 0, 0, 0, 0, 1, 0, 0, 0, 0, 0, 0, 'on wp reached cast explosion'),
(7660, 0, 2, 0, 40, 100, 1, 53, 0, 0, 0, 11, 98915, 3, 0, 0, 0, 0, 18, 30, 0, 0, 0, 0, 0, 'on wp reached cast achievement credit player'),
(7660, 0, 3, 0, 40, 100, 1, 53, 0, 0, 0, 15, 29146, 0, 0, 0, 0, 0, 18, 30, 0, 0, 0, 0, 0, 'on wp reached give questcredit'),
(7660, 0, 4, 0, 40, 100, 1, 53, 0, 0, 0, 54, 10000, 0, 0, 0, 0, 0, 1, 0, 0, 0, 0, 0, 0, 'on wp reached wp pause'),
(7660, 0, 5, 6, 40, 100, 1, 53, 0, 0, 0, 28, 62309, 0, 0, 0, 0, 0, 1, 0, 0, 0, 0, 0, 0, 'on wp reached remove ride aura'),
(7660, 0, 6, 0, 61, 100, 1, 0, 0, 0, 0, 41, 400, 0, 0, 0, 0, 0, 1, 0, 0, 0, 0, 0, 0, 'Linked - despawn - self'),

(7661, 0, 0, 0, 27, 100, 1, 1, 1, 0, 0, 53, 1, 7661, 0, 0, 1200000, 0, 1, 0, 0, 0, 0, 0, 0, 'wp start'),
(7661, 0, 1, 0, 40, 100, 1, 41, 0, 0, 0, 11, 110261, 3, 0, 0, 0, 0, 1, 0, 0, 0, 0, 0, 0, 'on wp reached cast explosion'),
(7661, 0, 2, 0, 40, 100, 1, 41, 0, 0, 0, 11, 98915, 3, 0, 0, 0, 0, 18, 30, 0, 0, 0, 0, 0, 'on wp reached cast achievement credit player'),
(7661, 0, 3, 0, 40, 100, 1, 41, 0, 0, 0, 15, 29146, 0, 0, 0, 0, 0, 18, 30, 0, 0, 0, 0, 0, 'on wp reached give questcredit'),
(7661, 0, 4, 0, 40, 100, 1, 41, 0, 0, 0, 54, 10000, 0, 0, 0, 0, 0, 1, 0, 0, 0, 0, 0, 0, 'on wp reached wp pause'),
(7661, 0, 5, 6, 40, 100, 1, 41, 0, 0, 0, 28, 62309, 0, 0, 0, 0, 0, 1, 0, 0, 0, 0, 0, 0, 'on wp reached remove ride aura'),
(7661, 0, 6, 0, 61, 100, 1, 0, 0, 0, 0, 41, 400, 0, 0, 0, 0, 0, 1, 0, 0, 0, 0, 0, 0, 'Linked - despawn - self'),

(7662, 0, 0, 0, 27, 100, 1, 1, 1, 0, 0, 53, 1, 7662, 0, 0, 1200000, 0, 1, 0, 0, 0, 0, 0, 0, 'wp start'),
(7662, 0, 1, 0, 40, 100, 1, 81, 0, 0, 0, 11, 110261, 3, 0, 0, 0, 0, 1, 0, 0, 0, 0, 0, 0, 'on wp reached cast explosion'),
(7662, 0, 2, 0, 40, 100, 1, 81, 0, 0, 0, 11, 98915, 3, 0, 0, 0, 0, 18, 30, 0, 0, 0, 0, 0, 'on wp reached cast achievement credit player'),
(7662, 0, 3, 0, 40, 100, 1, 81, 0, 0, 0, 15, 29146, 0, 0, 0, 0, 0, 18, 30, 0, 0, 0, 0, 0, 'on wp reached give questcredit'),
(7662, 0, 4, 0, 40, 100, 1, 81, 0, 0, 0, 54, 10000, 0, 0, 0, 0, 0, 1, 0, 0, 0, 0, 0, 0, 'on wp reached wp pause'),
(7662, 0, 5, 6, 40, 100, 1, 81, 0, 0, 0, 28, 62309, 0, 0, 0, 0, 0, 1, 0, 0, 0, 0, 0, 0, 'on wp reached remove ride aura'),
(7662, 0, 6, 0, 61, 100, 1, 0, 0, 0, 0, 41, 400, 0, 0, 0, 0, 0, 1, 0, 0, 0, 0, 0, 0, 'Linked - despawn - self');