-- Brewfest NPC and Gobs
-- CLEANUP
-- SELECT `eventEntry`, a.`guid`, `creature_template`.`entry`, `creature_template`.`name` FROM `game_event_creature` a JOIN `creature` ON a.`guid` = `creature`.`guid` JOIN `creature_template` ON `creature`.`id` = `creature_template`.`entry` WHERE `eventEntry` = 26 AND `name` != 'Wild Turkey'
DELETE a FROM `creature` a JOIN `game_event_creature` b ON b.`guid` = a.`guid` JOIN `creature_template` c ON a.`id` = c.`entry` WHERE `eventEntry` = 26 AND `name` LIKE '%Brew%';
DELETE a FROM `creature` a JOIN `game_event_creature` b ON b.`guid` = a.`guid` JOIN `creature_template` c ON a.`id` = c.`entry` WHERE `eventEntry` = 26 AND `name` LIKE '%Elekk%';
DELETE a FROM `creature` a JOIN `game_event_creature` b ON b.`guid` = a.`guid` JOIN `creature_template` c ON a.`id` = c.`entry` WHERE `eventEntry` = 26 AND `name` LIKE '%Wolpert%';
DELETE a FROM `creature` a JOIN `game_event_creature` b ON b.`guid` = a.`guid` JOIN `creature_template` c ON a.`id` = c.`entry` WHERE `eventEntry` = 26 AND `entry` IN (23604, 23521, 23522, 23710, 27216, 24495, 24527, 27215, 23605, 23525, 24498, 23795, 23709, 24510, 24501, 24492, 24657, 23486, 24710, 24499, 23481, 23558, 24468, 24462, 24497, 24108, 23606, 24463, 24711, 23603, 24372);
DELETE b FROM `game_event_creature` a JOIN `creature` b ON a.`guid` = b.`guid` WHERE `eventEntry` = 24;
DELETE FROM `game_event_creature` WHERE `eventEntry` = 24;

DELETE a FROM `game_event_creature` a JOIN `creature` ON a.`guid` = `creature`.`guid` JOIN `creature_template` ON `creature`.`id` = `creature_template`.`entry` WHERE `eventEntry` = 26 AND `name` LIKE '%Brew%';
DELETE a FROM `game_event_creature` a JOIN `creature` ON a.`guid` = `creature`.`guid` JOIN `creature_template` ON `creature`.`id` = `creature_template`.`entry` WHERE `eventEntry` = 26 AND `name` LIKE '%Elekk%';
DELETE a FROM `game_event_creature` a JOIN `creature` ON a.`guid` = `creature`.`guid` JOIN `creature_template` ON `creature`.`id` = `creature_template`.`entry` WHERE `eventEntry` = 26 AND `name` LIKE '%Wolpert%';
DELETE a FROM `game_event_creature` a JOIN `creature` ON a.`guid` = `creature`.`guid` JOIN `creature_template` ON `creature`.`id` = `creature_template`.`entry` WHERE `eventEntry` = 26 AND `entry` IN (23604, 23521, 23522, 23710, 27216, 24495, 24527, 27215, 23605, 23525, 24498, 23795, 23709, 24510, 24501, 24492, 24657, 23486, 24710, 24499, 23481, 23558, 24468, 24462, 24497, 24108, 23606, 24463, 24711, 23603, 24372);

DELETE FROM `creature` WHERE `guid` IN (88562, 93770, 89745, 93710, 87911, 88128, 89345);
-- Gameobject part
DELETE a FROM `gameobject` a JOIN `game_event_gameobject` b ON b.`guid` = a.`guid` JOIN `gameobject_template` c ON a.`id` = c.`entry` WHERE b.`eventEntry` = 26 AND `name` LIKE '%brew%';
DELETE a FROM `gameobject` a JOIN `game_event_gameobject` b ON b.`guid` = a.`guid` JOIN `gameobject_template` c ON a.`id` = c.`entry` WHERE b.`eventEntry` = 26 AND c.`entry` IN (186252, 180037, 180006, 180353, 186185, 186331, 180698, 186186, 189990);

DELETE a FROM `game_event_gameobject` a JOIN `gameobject` b ON a.`guid` = b.`guid` JOIN `gameobject_template` c ON b.`id` = c.`entry` WHERE a.`eventEntry` = 26 AND `name` LIKE '%brew%';
DELETE a FROM `game_event_gameobject` a JOIN `gameobject` b ON a.`guid` = b.`guid` JOIN `gameobject_template` c ON b.`id` = c.`entry` WHERE a.`eventEntry` = 26 AND c.`entry` IN (186252, 180037, 180006, 180353, 186185, 186331, 180698, 186186, 189990);

DELETE FROM `game_event_gameobject` WHERE `eventEntry` = 24;

-- New Spawn Durutar
-- creatures
SET @CGUID = 295100;

DELETE FROM `creature` WHERE `guid` BETWEEN @CGUID AND @CGUID+87;
insert into `creature` (`guid`, `id`, `map`, `zone`, `area`, `spawnMask`, `phaseMask`, `modelid`, `equipment_id`, `position_x`, `position_y`, `position_z`, `orientation`, `spawntimesecs`, `spawndist`, `currentwaypoint`, `curhealth`, `curmana`, `MovementType`, `npcflag`, `unit_flags`, `dynamicflags`) values
(@CGUID+1,'24484','1','14','14','1','1','0','0','1200.29','-4182.22','23.6484','6.20504','120','0','0','1','0','0','0','0','0'),
(@CGUID+2,'24484','1','14','14','1','1','0','0','1203.73','-4182.49','24.1111','4.67725','120','0','0','1','0','0','0','0','0'),
(@CGUID+3,'24109','1','14','14','1','1','0','0','1193.83','-4176.85','22.7931','1.06465','120','0','0','1','0','0','0','0','0'),
(@CGUID+4,'24108','1','14','14','1','1','0','0','1199.52','-4171.11','22.9193','0.8091','120','5','0','1','0','1','0','0','0'),
(@CGUID+5,'24109','1','14','14','1','1','0','0','1203.9','-4166.51','23.096','4.43314','120','0','0','1','0','0','0','0','0'),
(@CGUID+6,'27216','1','14','14','1','1','0','0','1185.4','-4160.58','21.6044','2.21657','120','0','0','1','0','0','0','0','0'),
(@CGUID+7,'23606','1','14','14','1','1','0','0','1177.62','-4164.18','22.0147','1.89964','120','0','0','1','0','0','0','0','0'),
(@CGUID+8,'24484','1','14','14','1','1','0','0','1203.62','-4185.6','24.2934','1.53566','120','0','0','1','0','0','0','0','0'),
(@CGUID+9,'73914','1','14','14','1','1','0','0','1192.79','-4149.57','21.6111','2.34523','120','0','0','1','0','0','0','0','0'),
(@CGUID+10,'24484','1','14','14','1','1','0','0','1184.42','-4153.96','21.6094','1.36136','120','0','0','1','0','0','0','0','0'),
(@CGUID+11,'24484','1','14','14','1','1','0','0','1181.42','-4157.08','21.6858','4.62512','120','0','0','1','0','0','0','0','0'),
(@CGUID+12,'24484','1','14','14','1','1','0','0','1165.66','-4152.85','21.7292','4.66003','120','0','0','1','0','0','0','0','0'),
(@CGUID+13,'24484','1','14','14','1','1','0','0','1170.18','-4147.19','21.6758','5.61996','120','0','0','1','0','0','0','0','0'),
(@CGUID+14,'23808','1','14','14','1','1','0','0','1205.62','-4129.96','23.122','0.680583','120','5','0','1','0','1','0','0','0'),
(@CGUID+15,'23605','1','14','14','1','1','0','0','1199.84','-4142.66','22.133','2.3745','120','0','0','1','0','0','0','0','0'),
(@CGUID+16,'24766','1','14','14','1','1','0','0','1191.49','-4135.01','22.0524','6.16101','120','0','0','1','0','0','0','0','0'),
(@CGUID+17,'73919','1','14','14','1','1','0','0','1215.59','-4134.34','23.5262','0.977384','120','0','0','1','0','0','0','0','0'),
(@CGUID+18,'24711','1','14','14','1','1','0','0','1158.05','-4160.93','21.2451','1.32334','120','0','0','1','0','0','0','0','0'),
(@CGUID+19,'24484','1','14','14','1','1','0','0','1163.05','-4144.96','21.526','2.68781','120','0','0','1','0','0','0','0','0'),
(@CGUID+20,'24484','1','14','14','1','1','0','0','1193.16','-4140.78','21.9057','4.95674','120','0','0','1','0','0','0','0','0'),
(@CGUID+21,'24484','1','14','14','1','1','0','0','1190.46','-4137.36','21.9201','3.01942','120','0','0','1','0','0','0','0','0'),
(@CGUID+22,'24484','1','14','14','1','1','0','0','1201.61','-4128.67','23.0208','0.785398','120','0','0','1','0','0','0','0','0'),
(@CGUID+23,'24657','1','14','14','1','1','0','0','1155.07','-4142.63','21.309','0.261799','120','0','0','1','0','0','0','0','0'),
(@CGUID+24,'24497','1','14','14','1','1','0','0','1179.49','-4216','23.8958','0.994838','120','0','0','1','0','0','0','0','0'),
(@CGUID+25,'23488','1','14','14','1','1','0','0','1229.11','-4139.31','25.4724','2.23402','120','0','0','1','0','0','0','0','0'),
(@CGUID+26,'24484','1','14','14','1','1','0','0','1179.83','-4127.41','21.2951','2.61799','120','0','0','1','0','0','0','0','0'),
(@CGUID+27,'24484','1','14','14','1','1','0','0','1202.31','-4124.24','23.1371','4.01426','120','0','0','1','0','0','0','0','0'),
(@CGUID+28,'24484','1','14','14','1','1','0','0','1174.62','-4130.43','21.348','0.959931','120','0','0','1','0','0','0','0','0'),
(@CGUID+29,'23511','1','14','14','1','1','0','0','1213.04','-4126.61','23.6962','2.42601','120','0','0','1','0','0','0','0','0'),
(@CGUID+30,'23685','1','14','14','1','1','0','0','1212.45','-4119.57','23.769','2.93215','120','0','0','1','0','0','0','0','0'),
(@CGUID+31,'23603','1','14','14','1','1','0','0','1161.67','-4133.08','21.4201','5.68977','120','0','0','1','0','0','0','0','0'),
(@CGUID+32,'23696','1','14','14','1','1','0','0','1214.76','-4123.04','23.9566','2.47837','120','0','0','1','0','0','0','0','0'),
(@CGUID+33,'24510','1','14','14','1','1','0','0','1183.78','-4219.57','24.2222','1.0821','120','0','0','1','0','0','0','0','0'),
(@CGUID+34,'23488','1','14','14','1','1','0','0','1204.75','-4118.99','23.0087','5.98648','120','0','0','1','0','0','0','0','0'),
(@CGUID+35,'24484','1','14','14','1','1','0','0','1183.61','-4120.37','21.1775','0.0349066','120','0','0','1','0','0','0','0','0'),
(@CGUID+36,'23703','1','14','14','1','1','0','0','1191.58','-4114.14','21.4779','2.23402','120','0','0','1','0','0','0','0','0'),
(@CGUID+37,'24484','1','14','14','1','1','0','0','1178.73','-4115.3','20.467','0.698132','120','0','0','1','0','0','0','0','0'),
(@CGUID+38,'24484','1','14','14','1','1','0','0','1205.64','-4114.72','22.6615','6.16101','120','0','0','1','0','0','0','0','0'),
(@CGUID+39,'27707','1','14','14','1','1','0','0','1170.31','-4236.77','22.6665','4.74264','120','0','0','1','0','0','0','0','0'),
(@CGUID+40,'23808','1','14','14','1','1','0','0','1171.29','-4114.32','20.1134','2.0893','120','5','0','1','0','1','0','0','0'),
(@CGUID+41,'23703','1','14','14','1','1','0','0','1195.45','-4111.56','21.4306','5.60251','120','0','0','1','0','0','0','0','0'),
(@CGUID+42,'24372','1','14','14','1','1','0','0','1168.29','-4116.31','20.4306','5.70723','120','0','0','1','0','0','0','0','0'),
(@CGUID+43,'36171','1','14','14','1','1','0','0','1195.52','-4111.21','21.389','6.07375','120','0','0','1','0','0','0','0','0'),
(@CGUID+44,'24766','1','14','14','1','1','0','0','1207.18','-4227.68','22.9985','3.24631','120','0','0','1','0','0','0','0','0'),
(@CGUID+45,'24463','1','14','14','1','1','0','0','1175.31','-4230.6','23.0647','3.78595','120','0','0','1','0','0','0','0','0'),
(@CGUID+46,'24462','1','14','14','1','1','0','0','1168.04','-4228.9','22.2336','3.19054','120','0','0','1','0','0','0','0','0'),
(@CGUID+47,'24498','1','14','14','1','1','0','0','1167.21','-4107.19','19.2986','6.05629','120','0','0','1','0','0','0','0','0'),
(@CGUID+48,'24484','1','14','14','1','1','0','0','1237.85','-4127.6','42.5995','4.15619','120','0','0','1','0','0','0','0','0'),
(@CGUID+49,'24484','1','14','14','1','1','0','0','1238.55','-4136.21','41.6527','1.65142','120','0','0','1','0','0','0','0','0'),
(@CGUID+50,'73919','1','14','14','1','1','0','0','1177.54','-4237.95','23.656','1.0821','120','0','0','1','0','0','0','0','0'),
(@CGUID+51,'24484','1','14','14','1','1','0','0','1184.75','-4106.1','19.7831','2.63545','120','0','0','1','0','0','0','0','0'),
(@CGUID+52,'24484','1','14','14','1','1','0','0','1180.24','-4103.6','19.2292','5.70723','120','0','0','1','0','0','0','0','0'),
(@CGUID+53,'24484','1','14','14','1','1','0','0','1207.18','-4107.93','22.349','5.63741','120','0','0','1','0','0','0','0','0'),
(@CGUID+54,'24484','1','14','14','1','1','0','0','1201.88','-4110.8','21.8941','1.81514','120','0','0','1','0','0','0','0','0'),
(@CGUID+55,'24501','1','14','14','1','1','0','0','1168.62','-4103.19','18.7951','5.91667','120','0','0','1','0','0','0','0','0'),
(@CGUID+56,'24492','1','14','14','1','1','0','0','1173.96','-4102.74','18.8531','5.81195','120','0','0','1','0','0','0','0','0'),
(@CGUID+57,'24484','1','14','14','1','1','0','0','1196.54','-4098.12','19.9663','0.20944','120','0','0','1','0','0','0','0','0'),
(@CGUID+58,'24484','1','14','14','1','1','0','0','1201.98','-4096.8','20.5591','3.50811','120','0','0','1','0','0','0','0','0'),
(@CGUID+59,'24495','1','14','14','1','1','0','0','1177.76','-4094.49','18.2743','5.39307','120','0','0','1','0','0','0','0','0'),
(@CGUID+60,'73919','1','14','14','1','1','0','0','1169.44','-4096.72','18.0783','4.46804','120','0','0','1','0','0','0','0','0'),
(@CGUID+61,'24493','1','14','14','1','1','0','0','1209.43','-4095.31','21.5385','3.97935','120','0','0','1','0','0','0','0','0'),
(@CGUID+62,'23808','1','14','14','1','1','0','0','1198.86','-4090.41','19.7534','3.42395','120','5','0','1','0','1','0','0','0'),
(@CGUID+63,'23604','1','14','14','1','1','0','0','1185.87','-4089.88','18.5214','4.71239','120','0','0','1','0','0','0','0','0'),
(@CGUID+64,'23533','1','14','14','1','1','0','0','1209.21','-4090.93','21.2833','3.94444','120','0','0','1','0','0','0','0','0'),
(@CGUID+65,'24499','1','14','14','1','1','0','0','1206.25','-4088.1','20.8362','4.2586','120','0','0','1','0','0','0','0','0'),
(@CGUID+66,'73919','1','14','14','1','1','0','0','1217.22','-4090.11','22.0705','5.51524','120','0','0','1','0','0','0','0','0'),
(@CGUID+67,'23488','1','14','14','1','1','0','0','1229.46','-4090.02','23.1146','3.12414','120','0','0','1','0','0','0','0','0'),
(@CGUID+68,'36171','1','14','14','1','1','0','0','1361.21','-4342.8','28.137','5.53269','120','0','0','1','0','0','0','0','0'),
(@CGUID+69,'61751','1','14','14','1','1','0','0','1147.78','-4083.65','16.4407','2.33836','120','5','0','1','0','1','0','0','0'),
(@CGUID+70,'62116','1','14','14','1','1','0','0','1217.51','-4042.24','19.5453','1.3078','120','5','0','1','0','1','0','0','0'),
(@CGUID+71,'24373','1','14','14','1','1','0','0','1197.84','-4087.36','19.6496','2.68781','120','0','0','1','0','0','0','0','0'),
(@CGUID+72,'23487','1','14','14','1','1','0','0','1215.13','-4190.98','25.3858','4.17264','120','0','0','1','0','0','0','0','0'),
(@CGUID+73,'61325','1','14','14','1','1','0','0','1077.69','-4210.78','19.7382','0.613546','120','5','0','1','0','1','0','0','0'),
(@CGUID+74,'71052','1','14','14','1','1','0','0','1194.78','-4274.88','21.2737','3.09875','120','5','0','1','0','1','0','0','0'),
(@CGUID+75,'73919','1','14','14','1','1','0','0','1210.56','-4333.4','21.3605','2.3911','120','0','0','1','0','0','0','0','0'),
(@CGUID+76,'62116','1','14','14','1','1','0','0','1079.3','-4243.22','19.159','4.7728','120','0','0','1','0','0','0','0','0'),
(@CGUID+77,'61325','1','14','14','1','1','0','0','1031.73','-4035.72','20.9233','0.81181','120','0','0','1','0','0','0','0','0'),
(@CGUID+78,'72501','1','14','14','1','1','0','0','1316.74','-4328.75','31.937','5.89921','120','0','0','1','0','0','0','0','0'),
(@CGUID+79,'23698','1','14','14','1','1','0','0','1238.65','-4154.17','26.2586','0.872665','120','0','0','1','0','0','0','0','0'),
(@CGUID+80,'24527','1','14','817','1','1','0','0','1332.96','-4638.89','24.2737','0.994838','120','0','0','1','0','0','0','0','0'),
(@CGUID+81,'24484','1','14','4982','1','1','0','0','1366.89','-4343.87','28.6997','2.54818','120','0','0','1','0','0','0','0','0'),
(@CGUID+82,'24484','1','14','4982','1','1','0','0','1362.76','-4341.63','28.6997','5.79449','120','0','0','1','0','0','0','0','0'),
(@CGUID+83,'24484','1','14','4982','1','1','0','0','1363.67','-4344.87','28.6997','0.802851','120','0','0','1','0','0','0','0','0'),
(@CGUID+84,'24484','1','14','4982','1','1','0','0','1358.51','-4338.26','27.3581','5.97206','120','0','0','1','0','0','0','0','0'),
(@CGUID+85,'24484','1','14','4982','1','1','0','0','1361.25','-4337.62','28.2795','3.80568','120','0','0','1','0','0','0','0','0'),
(@CGUID+86,'24484','1','14','4982','1','1','0','0','1365.39','-4341.1','28.6997','4.69494','120','0','0','1','0','0','0','0','0'),
(@CGUID+87,'24484','1','14','4982','1','1','0','0','1360.12','-4340.26','27.8229','1.73302','120','0','0','1','0','0','0','0','0');


-- creature_event
insert into `game_event_creature` values
(24, @CGUID+1),
(24, @CGUID+2),
(24, @CGUID+3),
(24, @CGUID+4),
(24, @CGUID+5),
(24, @CGUID+6),
(24, @CGUID+7),
(24, @CGUID+8),
(24, @CGUID+9),
(24, @CGUID+10),
(24, @CGUID+11),
(24, @CGUID+12),
(24, @CGUID+13),
(24, @CGUID+14),
(24, @CGUID+15),
(24, @CGUID+16),
(24, @CGUID+17),
(24, @CGUID+18),
(24, @CGUID+19),
(24, @CGUID+20),
(24, @CGUID+21),
(24, @CGUID+22),
(24, @CGUID+23),
(24, @CGUID+24),
(24, @CGUID+25),
(24, @CGUID+26),
(24, @CGUID+27),
(24, @CGUID+28),
(24, @CGUID+29),
(24, @CGUID+30),
(24, @CGUID+31),
(24, @CGUID+32),
(24, @CGUID+33),
(24, @CGUID+34),
(24, @CGUID+35),
(24, @CGUID+36),
(24, @CGUID+37),
(24, @CGUID+38),
(24, @CGUID+39),
(24, @CGUID+40),
(24, @CGUID+41),
(24, @CGUID+42),
(24, @CGUID+43),
(24, @CGUID+44),
(24, @CGUID+45),
(24, @CGUID+46),
(24, @CGUID+47),
(24, @CGUID+48),
(24, @CGUID+49),
(24, @CGUID+50),
(24, @CGUID+51),
(24, @CGUID+52),
(24, @CGUID+53),
(24, @CGUID+54),
(24, @CGUID+55),
(24, @CGUID+56),
(24, @CGUID+57),
(24, @CGUID+58),
(24, @CGUID+59),
(24, @CGUID+60),
(24, @CGUID+61),
(24, @CGUID+62),
(24, @CGUID+63),
(24, @CGUID+64),
(24, @CGUID+65),
(24, @CGUID+66),
(24, @CGUID+67),
(24, @CGUID+68),
(24, @CGUID+69),
(24, @CGUID+70),
(24, @CGUID+71),
(24, @CGUID+72),
(24, @CGUID+73),
(24, @CGUID+74),
(24, @CGUID+75),
(24, @CGUID+76),
(24, @CGUID+77),
(24, @CGUID+78),
(24, @CGUID+79),
(24, @CGUID+80),
(24, @CGUID+81),
(24, @CGUID+82),
(24, @CGUID+83),
(24, @CGUID+84),
(24, @CGUID+85),
(24, @CGUID+86),
(24, @CGUID+87);

-- creature_template_addon
replace into `creature_template_addon` (`entry`, `path_id`, `mount`, `bytes1`, `bytes2`, `emote`, `auras`) values
('24484','0','0','0','257','0','43911'),
('24109','0','0','0','1','0',''),
('24108','0','0','0','1','0',''),
('27216','0','0','0','1','0',''),
('23606','0','0','0','1','0',''),
('73914','0','0','0','0','0',''),
('23808','0','0','0','1','0',''),
('23605','0','0','0','1','0',''),
('24766','0','0','0','1','0',''),
('73919','0','0','0','1','0',''),
('24711','0','0','0','1','0','50551'),
('24657','0','0','0','1','0',''),
('24497','0','22631','0','1','0','43880 44069 42146 43310 43492'),
('23488','0','0','0','1','0',''),
('23511','0','0','0','257','0',''),
('23685','0','0','0','257','0',''),
('23603','0','0','0','1','0',''),
('23696','0','0','0','257','0',''),
('24510','0','0','0','1','0','44068'),
('23703','0','0','0','1','0',''),
('27707','0','0','0','1','0',''),
('24372','0','0','0','1','0',''),
('36171','0','0','0','1','0',''),
('24463','0','0','0','1','0',''),
('24462','0','0','0','1','0',''),
('24498','0','0','0','1','0',''),
('24501','0','0','0','1','0',''),
('24492','0','0','0','1','0',''),
('24495','0','0','0','1','0',''),
('24493','0','0','0','1','0',''),
('23604','0','0','0','1','0',''),
('23533','0','0','0','1','0',''),
('24499','0','0','0','1','0',''),
('61751','0','0','0','1','0',''),
('62116','0','0','0','1','0',''),
('24373','0','0','0','1','0',''),
('23487','0','0','65536','1','0',''),
('61325','0','0','0','1','0',''),
('71052','0','0','0','1','0',''),
('72501','0','0','0','257','0',''),
('23698','0','0','0','257','64','43905 43911');

UPDATE `creature_template` SET `AIName` = 'SmartAI', `ScriptName` = '' WHERE `entry` = 24484; -- Brewfest Reveler
UPDATE `creature_template` SET `flags_extra` = 130 WHERE `entry` = 23488; -- Trigger

-- Gameobjects
SET @GUID = 128000;

DELETE FROM `gameobject` WHERE `guid` BETWEEN @GUID AND @GUID+209;
insert into `gameobject` (`guid`, `id`, `map`, `zone`, `area`, `spawnMask`, `phaseMask`, `position_x`, `position_y`, `position_z`, `orientation`, `rotation0`, `rotation1`, `rotation2`, `rotation3`, `spawntimesecs`, `animprogress`, `state`) values
(@GUID+1,'180698','1','14','14','1','1','1189.32','-4159.6','21.4143','3.94445','0','0','0','1','120','255','1'),
(@GUID+2,'180037','1','14','14','1','1','1203.82','-4171.49','23.3834','4.15388','0','0','0','1','120','255','1'),
(@GUID+3,'186189','1','14','14','1','1','1189.7','-4159.6','22.5513','1.48353','0','0','0','1','120','255','1'),
(@GUID+4,'180037','1','14','14','1','1','1189.2','-4165.23','21.7456','4.13643','0','0','0','1','120','255','1'),
(@GUID+5,'186189','1','14','14','1','1','1187.35','-4161.58','22.574','0.541051','0','0','0','1','120','255','1'),
(@GUID+6,'186252','1','14','14','1','1','1200.83','-4162.42','22.9549','6.06396','0','0','0','1','120','255','1'),
(@GUID+7,'180037','1','14','14','1','1','1199.09','-4176.11','23.2057','0.383971','0','0','0','1','120','255','1'),
(@GUID+8,'186252','1','14','14','1','1','1189.42','-4173.48','22.8514','5.12919','0','0','0','1','120','255','1'),
(@GUID+9,'186252','1','14','14','1','1','1207.12','-4170.92','24.3396','4.60767','0','0','0','1','120','255','1'),
(@GUID+10,'186189','1','14','14','1','1','1189.06','-4158.85','22.5478','4.81711','0','0','0','1','120','255','1'),
(@GUID+11,'186189','1','14','14','1','1','1189.41','-4160.27','22.5322','1.74533','0','0','0','1','120','255','1'),
(@GUID+12,'180698','1','14','14','1','1','1186.69','-4162.11','21.482','2.30383','0','0','0','1','120','255','1'),
(@GUID+13,'186189','1','14','14','1','1','1188.73','-4160.19','22.5166','3.6652','0','0','0','1','120','255','1'),
(@GUID+14,'186189','1','14','14','1','1','1187.62','-4162.17','22.5904','3.90954','0','0','0','1','120','255','1'),
(@GUID+15,'186680','1','14','14','1','1','1188.12','-4161.42','21.5843','5.49779','0','0','0','1','120','255','1'),
(@GUID+16,'186252','1','14','14','1','1','1198.86','-4179.52','23.406','0.185818','0','0','0','1','120','255','1'),
(@GUID+17,'211694','1','14','14','1','1','1197.94','-4156.75','21.7205','3.73293','0','0','0','1','120','255','1'),
(@GUID+18,'186189','1','14','14','1','1','1186.35','-4162.46','22.5957','6.24828','0','0','0','1','120','255','1'),
(@GUID+19,'186189','1','14','14','1','1','1186.58','-4161.35','22.5721','4.10152','0','0','0','1','120','255','1'),
(@GUID+20,'180353','1','14','14','1','1','1187.73','-4154.6','21.495','2.40855','0','0','0','1','120','255','1'),
(@GUID+21,'180353','1','14','14','1','1','1181.4','-4161.04','21.5487','4.83456','0','0','0','1','120','255','1'),
(@GUID+22,'186681','1','14','14','1','1','1178.7','-4170.58','21.7259','1.71042','0','0','0','1','120','255','1'),
(@GUID+23,'186189','1','14','14','1','1','1189','-4154.23','22.623','1.85005','0','0','0','1','120','255','1'),
(@GUID+24,'221481','1','14','14','1','1','1194.04','-4150.72','21.5096','5.47994','0','0','0','1','120','255','1'),
(@GUID+25,'186189','1','14','14','1','1','1189.57','-4153.46','22.6422','2.3911','0','0','0','1','120','255','1'),
(@GUID+26,'180698','1','14','14','1','1','1189.95','-4154.2','21.5618','5.49779','0','0','0','1','120','255','1'),
(@GUID+27,'186189','1','14','14','1','1','1190','-4154.79','22.656','3.7001','0','0','0','1','120','255','1'),
(@GUID+28,'209654','1','14','14','1','1','1197.27','-4153.92','21.9175','2.35124','0','0','0','1','120','255','1'),
(@GUID+29,'186189','1','14','14','1','1','1190.53','-4153.82','22.6743','1.76278','0','0','0','1','120','255','1'),
(@GUID+30,'211694','1','14','14','1','1','1195.27','-4153.99','21.6754','2.84616','0','0','0','1','120','255','1'),
(@GUID+31,'211694','1','14','14','1','1','1194.96','-4151.69','21.5661','2.35641','0','0','0','1','120','255','1'),
(@GUID+32,'211694','1','14','14','1','1','1197.09','-4152.2','21.6389','1.88602','0','0','0','1','120','255','1'),
(@GUID+33,'211694','1','14','14','1','1','1197.43','-4154.46','21.717','3.73293','0','0','0','1','120','255','1'),
(@GUID+34,'211694','1','14','14','1','1','1199.73','-4154.34','21.6597','0.413947','0','0','0','1','120','255','1'),
(@GUID+35,'180353','1','14','14','1','1','1213.84','-4152.81','22.761','0.610863','0','0','0','1','120','255','1'),
(@GUID+36,'180353','1','14','14','1','1','1222.69','-4141.07','24.1973','2.61799','0','0','0','1','120','255','1'),
(@GUID+37,'180353','1','14','14','1','1','1227.38','-4159.14','24.2507','0.0523589','0','0','0','1','120','255','1'),
(@GUID+38,'180353','1','14','14','1','1','1171.32','-4162.44','21.9774','5.5676','0','0','0','1','120','255','1'),
(@GUID+39,'180353','1','14','14','1','1','1196.78','-4145.95','21.7997','1.69297','0','0','0','1','120','255','1'),
(@GUID+40,'180353','1','14','14','1','1','1222.94','-4175.71','24.0663','4.04917','0','0','0','1','120','255','1'),
(@GUID+41,'180037','1','14','14','1','1','1212.17','-4135.2','23.149','3.83973','0','0','0','1','120','255','1'),
(@GUID+42,'180353','1','14','14','1','1','1212.34','-4138.17','22.974','3.49067','0','0','0','1','120','255','1'),
(@GUID+43,'186185','1','14','14','1','1','1208.28','-4133.24','22.8309','2.56563','0','0','0','1','120','255','1'),
(@GUID+44,'180037','1','14','14','1','1','1213.49','-4132.49','23.1301','5.67232','0','0','0','1','120','255','1'),
(@GUID+45,'221482','1','14','14','1','1','1192.91','-4148.2','22.4254','3.63753','0','0','0','1','120','255','1'),
(@GUID+46,'221482','1','14','14','1','1','1191.25','-4149.5','22.4366','4.62821','0','0','0','1','120','255','1'),
(@GUID+47,'221482','1','14','14','1','1','1191.67','-4149','22.4329','4.05303','0','0','0','1','120','255','1'),
(@GUID+48,'186252','1','14','14','1','1','1227.72','-4157.14','24.8812','6.03884','0','0','0','1','120','255','1'),
(@GUID+49,'186252','1','14','14','1','1','1214.93','-4151.24','23.7371','5.73793','0','0','0','1','120','255','1'),
(@GUID+50,'186229','1','14','14','1','1','1154.43','-4156.54','20.2916','3.85718','0','0','0','1','120','255','1'),
(@GUID+51,'186252','1','14','14','1','1','1221.52','-4141.78','24.6225','5.71598','0','0','0','1','120','255','1'),
(@GUID+52,'186681','1','14','14','1','1','1203.67','-4146.53','22.1354','2.31632','0','0','0','1','120','255','1'),
(@GUID+53,'180353','1','14','14','1','1','1235.77','-4143.17','26.2977','3.45576','0','0','0','1','120','255','1'),
(@GUID+54,'180353','1','14','14','1','1','1161.37','-4134.86','21.3507','4.83456','0','0','0','1','120','255','1'),
(@GUID+55,'180037','1','14','14','1','1','1154.96','-4144.64','21.2066','2.80997','0','0','0','1','120','255','1'),
(@GUID+56,'180037','1','14','14','1','1','1237.47','-4161.81','25.7678','5.70723','0','0','0','1','120','255','1'),
(@GUID+57,'180006','1','14','14','1','1','1243.18','-4162.17','26.238','2.53072','0','0','0','1','120','255','1'),
(@GUID+58,'186252','1','14','14','1','1','1235.43','-4147.13','26.348','6.16101','0','0','0','1','120','255','1'),
(@GUID+59,'186252','1','14','14','1','1','1220.68','-4131.75','24.8962','4.20625','0','0','0','1','120','255','1'),
(@GUID+60,'186717','1','14','14','1','1','1172.9','-4217.67','22.8744','1.78023','0','0','0','1','120','255','1'),
(@GUID+61,'180037','1','14','14','1','1','1244.34','-4166.11','26.5961','0.349065','0','0','0','1','120','255','1'),
(@GUID+62,'180037','1','14','14','1','1','1153.58','-4141.01','21.199','4.38078','0','0','0','1','120','255','1'),
(@GUID+63,'186709','1','14','14','1','1','1183.87','-4224.34','24.9441','0.890117','0','0','0','1','120','255','1'),
(@GUID+64,'180037','1','14','14','1','1','1248.56','-4161.57','26.9383','4.04917','0','0','0','1','120','255','1'),
(@GUID+65,'186252','1','14','14','1','1','1152.02','-4142.81','21.5398','4.59022','0','0','0','1','120','255','1'),
(@GUID+66,'180353','1','14','14','1','1','1182.71','-4221.95','24.0486','3.89209','0','0','0','1','120','255','1'),
(@GUID+67,'180006','1','14','14','1','1','1246.73','-4156.73','26.547','2.74016','0','0','0','1','120','255','1'),
(@GUID+68,'180353','1','14','14','1','1','1176.45','-4218.41','23.3528','3.59538','0','0','0','1','120','255','1'),
(@GUID+69,'186682','1','14','14','1','1','1215.61','-4125.46','23.4692','2.70526','0','0','0','1','120','255','1'),
(@GUID+70,'186681','1','14','14','1','1','1157.77','-4130.95','21.2732','5.72468','0','0','0','1','120','255','1'),
(@GUID+71,'180698','1','14','14','1','1','1163.66','-4122.28','20.8516','4.32842','0','0','0','1','120','255','1'),
(@GUID+72,'180353','1','14','14','1','1','1214.11','-4117.65','23.7905','2.74016','0','0','0','1','120','255','1'),
(@GUID+73,'180037','1','14','14','1','1','1220.15','-4119.4','24.5889','2.44346','0','0','0','1','120','255','1'),
(@GUID+74,'186189','1','14','14','1','1','1161.99','-4125.18','22.0362','1.43117','0','0','0','1','120','255','1'),
(@GUID+75,'186189','1','14','14','1','1','1215.57','-4117.18','24.9147','5.5676','0','0','0','1','120','255','1'),
(@GUID+76,'186189','1','14','14','1','1','1164.08','-4123','21.9548','0.471238','0','0','0','1','120','255','1'),
(@GUID+77,'180006','1','14','14','1','1','1248.58','-4151.22','26.7153','3.07177','0','0','0','1','120','255','1'),
(@GUID+78,'186709','1','14','14','1','1','1185.4','-4225.5','25.0738','0.925024','0','0','0','1','120','255','1'),
(@GUID+79,'186709','1','14','14','1','1','1186.98','-4226.47','25.2196','0.977383','0','0','0','1','120','255','1'),
(@GUID+80,'180037','1','14','14','1','1','1245.14','-4147.15','26.9532','3.194','0','0','0','1','120','255','1'),
(@GUID+81,'186189','1','14','14','1','1','1162.66','-4124.48','21.9933','4.59022','0','0','0','1','120','255','1'),
(@GUID+82,'180698','1','14','14','1','1','1215.61','-4116.85','23.815','2.84488','0','0','0','1','120','255','1'),
(@GUID+83,'186189','1','14','14','1','1','1162.29','-4125.67','22.0527','2.3911','0','0','0','1','120','255','1'),
(@GUID+84,'186189','1','14','14','1','1','1164.16','-4122.19','21.9197','2.94959','0','0','0','1','120','255','1'),
(@GUID+85,'180698','1','14','14','1','1','1162.53','-4125.13','20.9593','1.16937','0','0','0','1','120','255','1'),
(@GUID+86,'186189','1','14','14','1','1','1162.98','-4122.83','21.9909','3.24635','0','0','0','1','120','255','1'),
(@GUID+87,'186189','1','14','14','1','1','1162.97','-4125.79','22.054','1.23918','0','0','0','1','120','255','1'),
(@GUID+88,'186680','1','14','14','1','1','1177.6','-4223.52','22.9328','1.02974','0','0','0','1','120','255','1'),
(@GUID+89,'180353','1','14','14','1','1','1217.17','-4109.02','23.7031','5.58505','0','0','0','1','120','255','1'),
(@GUID+90,'180037','1','14','14','1','1','1221.42','-4117.78','24.7245','5.91667','0','0','0','1','120','255','1'),
(@GUID+91,'180038','1','14','14','1','1','1163.89','-4118.81','20.6437','4.38078','0','0','0','1','120','255','1'),
(@GUID+92,'180037','1','14','14','1','1','1163.54','-4112.9','20.0053','3.7001','0','0','0','1','120','255','1'),
(@GUID+93,'180037','1','14','14','1','1','1252.06','-4148.18','26.9018','1.90241','0','0','0','1','120','255','1'),
(@GUID+94,'180038','1','14','14','1','1','1162.91','-4116.17','20.4151','5.74214','0','0','0','1','120','255','1'),
(@GUID+95,'180037','1','14','14','1','1','1160.96','-4116.95','20.5359','1.44862','0','0','0','1','120','255','1'),
(@GUID+96,'186717','1','14','14','1','1','1187.47','-4228.5','24.5451','0.0349062','0','0','0','1','120','255','1'),
(@GUID+97,'186252','1','14','14','1','1','1226.89','-4119.12','25.3472','1.22173','0','0','0','1','120','255','1'),
(@GUID+98,'186173','1','14','14','1','1','1219.58','-4104.96','24.9931','1.76278','0','0','0','1','120','255','1'),
(@GUID+99,'186252','1','14','14','1','1','1158.48','-4116.34','20.5181','4.52041','0','0','0','1','120','255','1'),
(@GUID+100,'186189','1','14','14','1','1','1163.43','-4121.46','21.9197','3.05433','0','0','0','1','120','255','1'),
(@GUID+101,'186189','1','14','14','1','1','1216.58','-4116.91','24.9284','0.279252','0','0','0','1','120','255','1'),
(@GUID+102,'186189','1','14','14','1','1','1215.03','-4116.64','24.9234','4.60767','0','0','0','1','120','255','1'),
(@GUID+103,'186252','1','14','14','1','1','1166.53','-4225.11','22.9021','3.63029','0','0','0','1','120','255','1'),
(@GUID+104,'186252','1','14','14','1','1','1181.55','-4233.99','24.6838','1.53589','0','0','0','1','120','255','1'),
(@GUID+105,'186186','1','14','14','1','1','1167.47','-4116.2','20.0616','6.17847','0','0','0','1','120','255','1'),
(@GUID+106,'186189','1','14','14','1','1','1216.08','-4116.26','24.9016','2.23402','0','0','0','1','120','255','1'),
(@GUID+107,'186717','1','14','14','1','1','1217.88','-4116.76','24.2604','2.9845','0','0','0','1','120','255','1'),
(@GUID+108,'186717','1','14','14','1','1','1218.25','-4108.52','23.5422','3.24635','0','0','0','1','120','255','1'),
(@GUID+109,'186682','1','14','14','1','1','1166.57','-4104.8','18.8871','5.96903','0','0','0','1','120','255','1'),
(@GUID+110,'180353','1','14','14','1','1','1215.38','-4101.46','22.7708','3.22886','0','0','0','1','120','255','1'),
(@GUID+111,'208221','1','14','14','1','1','1171.27','-4099.83','18.0375','2.80997','0','0','0','1','120','255','1'),
(@GUID+112,'208221','1','14','14','1','1','1172.36','-4100.44','18.4769','0.104719','0','0','0','1','120','255','1'),
(@GUID+113,'180037','1','14','14','1','1','1174.11','-4239.4','23.0521','3.29869','0','0','0','1','120','255','1'),
(@GUID+114,'186717','1','14','14','1','1','1216.64','-4100.56','22.7593','3.6652','0','0','0','1','120','255','1'),
(@GUID+115,'186252','1','14','14','1','1','1229.9','-4105.24','24.9563','4.53786','0','0','0','1','120','255','1'),
(@GUID+116,'186189','1','14','14','1','1','1171.57','-4098.88','19.1436','0.872664','0','0','0','1','120','255','1'),
(@GUID+117,'186189','1','14','14','1','1','1172.26','-4098.75','19.1679','4.39823','0','0','0','1','120','255','1'),
(@GUID+118,'186717','1','14','14','1','1','1173.08','-4101.19','18.5809','5.81195','0','0','0','1','120','255','1'),
(@GUID+119,'186252','1','14','14','1','1','1163.17','-4236.19','22.555','5.02655','0','0','0','1','120','255','1'),
(@GUID+120,'186252','1','14','14','1','1','1173.67','-4242.92','24.0115','3.29869','0','0','0','1','120','255','1'),
(@GUID+121,'180353','1','14','14','1','1','1210.52','-4094.94','21.5729','3.24635','0','0','0','1','120','255','1'),
(@GUID+122,'180698','1','14','14','1','1','1172.05','-4098.31','18.0267','5.88176','0','0','0','1','120','255','1'),
(@GUID+123,'180698','1','14','14','1','1','1215.88','-4095.21','22.017','5.81195','0','0','0','1','120','255','1'),
(@GUID+124,'208221','1','14','14','1','1','1160.64','-4100.79','18.3207','2.93214','0','0','0','1','120','255','1'),
(@GUID+125,'208221','1','14','14','1','1','1162.24','-4099.45','18.0326','2.46091','0','0','0','1','120','255','1'),
(@GUID+126,'208221','1','14','14','1','1','1161.61','-4100.65','18.0326','2.80997','0','0','0','1','120','255','1'),
(@GUID+127,'208221','1','14','14','1','1','1161.27','-4101.94','18.0326','2.80997','0','0','0','1','120','255','1'),
(@GUID+128,'180037','1','14','14','1','1','1165.96','-4097.65','18.31','6.16101','0','0','0','1','120','255','1'),
(@GUID+129,'208221','1','14','14','1','1','1170.11','-4099.41','18.0463','4.4855','0','0','0','1','120','255','1'),
(@GUID+130,'186189','1','14','14','1','1','1215.25','-4095.7','23.1235','3.50812','0','0','0','1','120','255','1'),
(@GUID+131,'208221','1','14','14','1','1','1168.53','-4098.92','18.0463','4.4855','0','0','0','1','120','255','1'),
(@GUID+132,'186717','1','14','14','1','1','1165.45','-4244.05','22.4034','0.890117','0','0','0','1','120','255','1'),
(@GUID+133,'186189','1','14','14','1','1','1172.63','-4097.92','19.121','6.0912','0','0','0','1','120','255','1'),
(@GUID+134,'186189','1','14','14','1','1','1171.86','-4098.16','19.0985','3.63029','0','0','0','1','120','255','1'),
(@GUID+135,'186189','1','14','14','1','1','1215.32','-4095.01','23.1111','4.08407','0','0','0','1','120','255','1'),
(@GUID+136,'186717','1','14','14','1','1','1213.75','-4094.23','21.8998','3.90954','0','0','0','1','120','255','1'),
(@GUID+137,'186189','1','14','14','1','1','1216.51','-4095.92','23.1364','5.75959','0','0','0','1','120','255','1'),
(@GUID+138,'180353','1','14','14','1','1','1183.91','-4091.08','18.3507','1.0472','0','0','0','1','120','255','1'),
(@GUID+139,'208221','1','14','14','1','1','1161.84','-4098.4','18.0345','2.70526','0','0','0','1','120','255','1'),
(@GUID+140,'208221','1','14','14','1','1','1202.39','-4087.75','20.0751','0','0','0','0','1','120','255','1'),
(@GUID+141,'208221','1','14','14','1','1','1161.45','-4099','18.6376','2.33874','0','0','0','1','120','255','1'),
(@GUID+142,'208221','1','14','14','1','1','1162.82','-4098.09','18.0351','0.209439','0','0','0','1','120','255','1'),
(@GUID+143,'208221','1','14','14','1','1','1161.04','-4099.47','18.1543','2.93214','0','0','0','1','120','255','1'),
(@GUID+144,'208221','1','14','14','1','1','1162.78','-4096.87','17.87','1.97222','0','0','0','1','120','255','1'),
(@GUID+145,'180037','1','14','14','1','1','1201.9','-4088.21','20.3502','4.7822','0','0','0','1','120','255','1'),
(@GUID+146,'186189','1','14','14','1','1','1216.93','-4094.99','23.1016','3.4034','0','0','0','1','120','255','1'),
(@GUID+147,'208221','1','14','14','1','1','1162.33','-4097.48','18.7267','2.60053','0','0','0','1','120','255','1'),
(@GUID+148,'208221','1','14','14','1','1','1203.62','-4089.21','20.0967','3.00195','0','0','0','1','120','255','1'),
(@GUID+149,'180037','1','14','14','1','1','1167.04','-4095.1','17.7629','1.02974','0','0','0','1','120','255','1'),
(@GUID+150,'208221','1','14','14','1','1','1203.49','-4084.88','20.0949','1.98967','0','0','0','1','120','255','1'),
(@GUID+151,'208221','1','14','14','1','1','1202.75','-4085.95','20.0949','0.209439','0','0','0','1','120','255','1'),
(@GUID+152,'180038','1','14','14','1','1','1202.74','-4083.56','20.1862','2.47837','0','0','0','1','120','255','1'),
(@GUID+153,'208221','1','14','14','1','1','1204.79','-4082.64','20.0949','5.09636','0','0','0','1','120','255','1'),
(@GUID+154,'186681','1','14','14','1','1','1184.92','-4085.13','18.218','4.85202','0','0','0','1','120','255','1'),
(@GUID+155,'180037','1','14','14','1','1','1196.55','-4082.13','19.3848','3.21142','0','0','0','1','120','255','1'),
(@GUID+156,'186252','1','14','14','1','1','1167.54','-4091.24','18.2602','4.24115','0','0','0','1','120','255','1'),
(@GUID+157,'186252','1','14','14','1','1','1225.98','-4093.2','23.6418','2.26892','0','0','0','1','120','255','1'),
(@GUID+158,'186189','1','14','14','1','1','1192.58','-4084.06','19.9109','0.279252','0','0','0','1','120','255','1'),
(@GUID+159,'186189','1','14','14','1','1','1192.3','-4083.42','19.8657','2.96704','0','0','0','1','120','255','1'),
(@GUID+160,'180698','1','14','14','1','1','1192.1','-4083.91','18.8087','0.0698117','0','0','0','1','120','255','1'),
(@GUID+161,'208221','1','14','14','1','1','1204.42','-4083.98','20.0949','3.17653','0','0','0','1','120','255','1'),
(@GUID+162,'186189','1','14','14','1','1','1191.91','-4084.55','19.8605','0.750491','0','0','0','1','120','255','1'),
(@GUID+163,'186682','1','14','14','1','1','1208.79','-4088.25','20.9286','4.15388','0','0','0','1','120','255','1'),
(@GUID+164,'186189','1','14','14','1','1','1192.63','-4084.63','19.9334','3.68265','0','0','0','1','120','255','1'),
(@GUID+165,'186717','1','14','14','1','1','1161.78','-4398.23','25.272','4.57276','0','0','0','1','120','255','1'),
(@GUID+166,'180038','1','14','14','1','1','1200.52','-4082.07','19.9298','3.38594','0','0','0','1','120','255','1'),
(@GUID+167,'186252','1','14','14','1','1','1215.48','-4083.88','22.7592','5.61996','0','0','0','1','120','255','1'),
(@GUID+168,'186717','1','14','14','1','1','1336.02','-4365.61','26.711','5.46288','0','0','0','1','120','255','1'),
(@GUID+169,'186252','1','14','14','1','1','1202.82','-4077.88','20.9558','6.0912','0','0','0','1','120','255','1'),
(@GUID+170,'186252','1','14','14','1','1','1188.96','-4076.32','19.3886','6.19592','0','0','0','1','120','255','1'),
(@GUID+171,'186252','1','14','14','1','1','1175.55','-4080.29','18.3506','0.663223','0','0','0','1','120','255','1'),
(@GUID+172,'186717','1','14','14','1','1','1318.33','-4549.21','22.7609','4.7473','0','0','0','1','120','255','1'),
(@GUID+173,'186717','1','14','14','1','1','1308.47','-4448.67','26.0303','5.0091','0','0','0','1','120','255','1'),
(@GUID+174,'186717','1','14','14','1','1','1227.34','-4433.46','24.402','1.81514','0','0','0','1','120','255','1'),
(@GUID+175,'186717','1','14','14','1','1','1305.79','-4408.33','25.8515','4.97419','0','0','0','1','120','255','1'),
(@GUID+176,'206610','1','14','14','1','1','1755.31','-4396.6','42.3478','3.74494','0','0','0.956305','-0.292372','120','255','24'),
(@GUID+177,'206608','1','14','14','1','1','1704.78','-4265.96','34.8837','3.97628','0','0','0.956305','-0.292372','120','255','24'),
(@GUID+178,'206609','1','14','14','1','1','1902.05','-4373.1','43.9968','5.70721','0','0','0.956305','-0.292372','120','255','24'),
(@GUID+179,'186717','1','14','14','1','1','1100.76','-4429.74','20.5644','2.21656','0','0','0','1','120','255','1'),
(@GUID+180,'186717','1','14','14','1','1','1362.39','-4353.75','26.7842','4.76475','0','0','0','1','120','255','1'),
(@GUID+181,'186680','1','14','14','1','1','1367.2','-4341.96','28.6164','3.3685','0','0','0','1','120','255','1'),
(@GUID+182,'186187','1','14','14','1','1','1198.16','-4086.49','19.239','4.39823','0','0','0','1','120','255','1'),
(@GUID+183,'186717','1','14','14','1','1','1314.64','-4599.17','23.7496','5.16618','0','0','0','1','120','255','1'),
(@GUID+184,'186717','1','14','14','1','1','1329.56','-4637.97','23.9558','0.994837','0','0','0','1','120','255','1'),
(@GUID+185,'186717','1','14','14','1','1','1336.05','-4640.56','24.4514','1.22173','0','0','0','1','120','255','1'),
(@GUID+186,'195265','1','14','14','1','1','1311.35','-4324.43','32.7334','5.28835','0','0','0','1','120','255','1'),
(@GUID+187,'195265','1','14','14','1','1','1312.39','-4325.31','32.4768','5.28835','0','0','0','1','120','255','1'),
(@GUID+188,'195266','1','14','14','1','1','1297.54','-4337.66','38.1259','0.139625','0','0','0','1','120','255','1'),
(@GUID+189,'195264','1','14','14','1','1','1309.82','-4324.27','33.9393','5.63741','0','0','0','1','120','255','1'),
(@GUID+190,'195256','1','14','14','1','1','1301.57','-4330.3','33.0354','5.79449','0','0','0','1','120','255','1'),
(@GUID+191,'195260','1','14','14','1','1','1289.8','-4344.31','35.5078','4.76475','0','0','0','1','120','255','1'),
(@GUID+192,'195260','1','14','14','1','1','1286.17','-4333.47','35.695','4.76475','0','0','0','1','120','255','1'),
(@GUID+193,'186807','1','14','14','1','1','1330.54','-4642.67','23.8789','5.0091','0','0','0','1','120','255','1'),
(@GUID+194, 189990, 1, 14, 14, 1, 1, 1195.983, -4112.391, 21.58673, 1.919862, 0, 0, 0, 1, 120, 255, 1),
(@GUID+195, 186714, 1, 14, 14, 1, 1, 1222.384, -4103.804, 22.66798, 2.530723, 0, 0, 0, 1, 120, 255, 1),
(@GUID+196,'186709','1','14','817','1','1','1328.13','-4638.57','24.4343','1.88495','0','0','0','1','120','255','1'),
(@GUID+197,'186709','1','14','817','1','1','1334.62','-4648.49','24.7511','0.575957','0','0','0','1','120','255','1'),
(@GUID+198,'186709','1','14','817','1','1','1329.05','-4646.38','24.1446','5.88176','0','0','0','1','120','255','1'),
(@GUID+199,'180698','1','14','4982','1','1','1367.36','-4341.86','28.4596','3.83973','0','0','0','1','120','255','1'),
(@GUID+200,'186189','1','14','4982','1','1','1368.09','-4342.21','29.4519','1.3439','0','0','0','1','120','255','1'),
(@GUID+201,'186189','1','14','4982','1','1','1367.38','-4342.62','29.554','2.00713','0','0','0','1','120','255','1'),
(@GUID+202,'186189','1','14','4982','1','1','1367.56','-4341.84','29.5381','0.575957','0','0','0','1','120','255','1'),
(@GUID+203,'186189','1','14','4982','1','1','1367.84','-4341.3','29.445','1.64061','0','0','0','1','120','255','1'),
(@GUID+204,'186331','1','14','4982','1','1','1316.53','-4649.75','21.7301','3.77756','0','0','0.949868','-0.312651','300','0','1'),
(@GUID+205,'186331','1','14','4982','1','1','1324.19','-4557.36','25.2667','3.69352','0','0','0.962163','-0.272475','300','0','1'),
(@GUID+206,'186331','1','14','4982','1','1','1209.37','-4336.38','21.2953','2.55625','0','0','0.957477','0.28851','300','0','1'),
(@GUID+207,'186331','1','14','1296','1','1','1219.94','-4120.07','24.5702','4.53162','0','0','0.768046','-0.640395','300','0','1'),
(@GUID+208,'186331','1','14','14','1','1','1169.7','-4096.72','18.0029','4.76612','0','0','0.687856','-0.725847','300','0','1'),
(@GUID+209,'186331','1','14','4982','1','1','1179.17','-4239.4','23.8044','0.249761','0','0','0.124556','0.992213','300','0','1');



-- gameobjects_event
insert into `game_event_gameobject` values
(24, @GUID+1),
(24, @GUID+2),
(24, @GUID+3),
(24, @GUID+4),
(24, @GUID+5),
(24, @GUID+6),
(24, @GUID+7),
(24, @GUID+8),
(24, @GUID+9),
(24, @GUID+10),
(24, @GUID+11),
(24, @GUID+12),
(24, @GUID+13),
(24, @GUID+14),
(24, @GUID+15),
(24, @GUID+16),
(24, @GUID+17),
(24, @GUID+18),
(24, @GUID+19),
(24, @GUID+20),
(24, @GUID+21),
(24, @GUID+22),
(24, @GUID+23),
(24, @GUID+24),
(24, @GUID+25),
(24, @GUID+26),
(24, @GUID+27),
(24, @GUID+28),
(24, @GUID+29),
(24, @GUID+30),
(24, @GUID+31),
(24, @GUID+32),
(24, @GUID+33),
(24, @GUID+34),
(24, @GUID+35),
(24, @GUID+36),
(24, @GUID+37),
(24, @GUID+38),
(24, @GUID+39),
(24, @GUID+40),
(24, @GUID+41),
(24, @GUID+42),
(24, @GUID+43),
(24, @GUID+44),
(24, @GUID+45),
(24, @GUID+46),
(24, @GUID+47),
(24, @GUID+48),
(24, @GUID+49),
(24, @GUID+50),
(24, @GUID+51),
(24, @GUID+52),
(24, @GUID+53),
(24, @GUID+54),
(24, @GUID+55),
(24, @GUID+56),
(24, @GUID+57),
(24, @GUID+58),
(24, @GUID+59),
(24, @GUID+60),
(24, @GUID+61),
(24, @GUID+62),
(24, @GUID+63),
(24, @GUID+64),
(24, @GUID+65),
(24, @GUID+66),
(24, @GUID+67),
(24, @GUID+68),
(24, @GUID+69),
(24, @GUID+70),
(24, @GUID+71),
(24, @GUID+72),
(24, @GUID+73),
(24, @GUID+74),
(24, @GUID+75),
(24, @GUID+76),
(24, @GUID+77),
(24, @GUID+78),
(24, @GUID+79),
(24, @GUID+80),
(24, @GUID+81),
(24, @GUID+82),
(24, @GUID+83),
(24, @GUID+84),
(24, @GUID+85),
(24, @GUID+86),
(24, @GUID+87),
(24, @GUID+88),
(24, @GUID+89),
(24, @GUID+90),
(24, @GUID+91),
(24, @GUID+92),
(24, @GUID+93),
(24, @GUID+94),
(24, @GUID+95),
(24, @GUID+96),
(24, @GUID+97),
(24, @GUID+98),
(24, @GUID+99),
(24, @GUID+100),
(24, @GUID+101),
(24, @GUID+102),
(24, @GUID+103),
(24, @GUID+104),
(24, @GUID+105),
(24, @GUID+106),
(24, @GUID+107),
(24, @GUID+108),
(24, @GUID+109),
(24, @GUID+110),
(24, @GUID+111),
(24, @GUID+112),
(24, @GUID+113),
(24, @GUID+114),
(24, @GUID+115),
(24, @GUID+116),
(24, @GUID+117),
(24, @GUID+118),
(24, @GUID+119),
(24, @GUID+120),
(24, @GUID+121),
(24, @GUID+122),
(24, @GUID+123),
(24, @GUID+124),
(24, @GUID+125),
(24, @GUID+126),
(24, @GUID+127),
(24, @GUID+128),
(24, @GUID+129),
(24, @GUID+130),
(24, @GUID+131),
(24, @GUID+132),
(24, @GUID+133),
(24, @GUID+134),
(24, @GUID+135),
(24, @GUID+136),
(24, @GUID+137),
(24, @GUID+138),
(24, @GUID+139),
(24, @GUID+140),
(24, @GUID+141),
(24, @GUID+142),
(24, @GUID+143),
(24, @GUID+144),
(24, @GUID+145),
(24, @GUID+146),
(24, @GUID+147),
(24, @GUID+148),
(24, @GUID+149),
(24, @GUID+150),
(24, @GUID+151),
(24, @GUID+152),
(24, @GUID+153),
(24, @GUID+154),
(24, @GUID+155),
(24, @GUID+156),
(24, @GUID+157),
(24, @GUID+158),
(24, @GUID+159),
(24, @GUID+160),
(24, @GUID+161),
(24, @GUID+162),
(24, @GUID+163),
(24, @GUID+164),
(24, @GUID+165),
(24, @GUID+166),
(24, @GUID+167),
(24, @GUID+168),
(24, @GUID+169),
(24, @GUID+170),
(24, @GUID+171),
(24, @GUID+172),
(24, @GUID+173),
(24, @GUID+174),
(24, @GUID+175),
(24, @GUID+176),
(24, @GUID+177),
(24, @GUID+178),
(24, @GUID+179),
(24, @GUID+180),
(24, @GUID+181),
(24, @GUID+182),
(24, @GUID+183),
(24, @GUID+184),
(24, @GUID+185),
(24, @GUID+186),
(24, @GUID+187),
(24, @GUID+188),
(24, @GUID+189),
(24, @GUID+190),
(24, @GUID+191),
(24, @GUID+192),
(24, @GUID+193),
(24, @GUID+194),
(24, @GUID+195),
(24, @GUID+196),
(24, @GUID+197),
(24, @GUID+198),
(24, @GUID+199),
(24, @GUID+200),
(24, @GUID+201),
(24, @GUID+202),
(24, @GUID+203),
(24, @GUID+204),
(24, @GUID+205),
(24, @GUID+206),
(24, @GUID+207),
(24, @GUID+208),
(24, @GUID+209);

